date;user_count;weekly citywide penetration rate;amount of movements;average distance;Modularity;Residential;Radius of Gyration
2020-04-06 00:00:00;2132580;0,031603142;5157479;4,126726273;0,945778269;80,79326528;6,582712211
2020-04-07 00:00:00;2166077;0,032099541;5310828;4,066948068;0,945241827;80,47273593;6,455137773
2020-04-08 00:00:00;2135119;0,031640768;5239056;4,107783734;0,945486553;80,52093256;6,557289242
2020-04-09 00:00:00;2131601;0,031588634;5526597;4,076389195;0,943796536;80,93942888;6,605658281
2020-04-10 00:00:00;2001639;0,0296627;4243040;3,532270295;0,956963777;81,7030893;5,71226141
2020-04-11 00:00:00;2035524;0,030164849;4621371;3,640389664;0,952608065;81,30544675;7,110481366
2020-04-12 00:00:00;1984921;0,029414953;4044452;3,470940971;0,958601668;81,76884869;6,616138748
2020-04-13 00:00:00;2115251;0,03134634;5189524;4,07014494;0,946552211;80,85926964;6,522929862
2020-04-14 00:00:00;2130206;0,031567961;5243125;4,143113845;0,946526736;80,55299658;6,634299801
2020-04-15 00:00:00;2072818;0,030717516;5168190;4,184961834;0,946052715;80,63575521;6,738273031
2020-04-16 00:00:00;2094716;0,031042027;5016656;4,206495283;0,945562969;80,79033717;6,881912029
2020-04-17 00:00:00;2130858;0,031577623;5331181;4,086782108;0,944500978;80,82116557;6,752445045
2020-04-18 00:00:00;2043540;0,03028364;4721784;3,759445875;0,951995593;81,82920742;7,366844496
2020-04-19 00:00:00;1995314;0,029568969;4005335;3,567899208;0,959435042;81,99588109;6,832725104
2020-04-20 00:00:00;2142286;0,031746977;5306623;4,115775057;0,94600385;80,85346361;6,647125183
2020-04-21 00:00:00;2006554;0,029735536;4283285;3,634365591;0,956777453;81,3158183;5,760613633
2020-04-22 00:00:00;2149374;0,031852015;5457699;4,148216147;0,944534603;80,69651858;6,714191065
2020-04-23 00:00:00;2058695;0,030508225;4520324;3,722031231;0,955231437;81,41026754;6,051936587
2020-04-24 00:00:00;2127137;0,031522481;5472683;4,206351084;0,944046932;80,74664548;7,009728631
2020-04-25 00:00:00;2048005;0,030349807;4776545;3,799349409;0,951565801;81,5422782;7,480729866
2020-04-26 00:00:00;1968724;0,029174926;3829861;3,651729931;0,958517207;81,6561517;7,025678996
2020-04-27 00:00:00;2140780;0,031724659;5189848;4,215311968;0,945326717;80,70234626;6,868349793
2020-04-28 00:00:00;2123997;0,031475948;5251782;4,153446099;0,946552279;80,77823751;6,737016298
2020-04-29 00:00:00;2127967;0,031534781;5259105;4,18150341;0,944509467;80,65929117;6,816165469
2020-04-30 00:00:00;2136498;0,031661203;5498176;4,27082344;0,942247913;80,65040024;7,081819471
2020-05-01 00:00:00;1988151;0,029462819;4013183;3,779816528;0,955142135;81,60127151;6,28402292
2020-05-02 00:00:00;2059972;0,030527149;4793347;3,794686779;0,952062868;81,72244331;7,514393201
2020-05-03 00:00:00;1947316;0,028857676;3861799;3,468493667;0,960781879;82,18014888;6,73790937
2020-05-04 00:00:00;2093646;0,031026171;5213920;4,21911116;0,944583095;81,20958754;6,917243568
2020-05-05 00:00:00;1921817;0,028479801;3278700;4,454352374;0,936051869;80,84557056;7,320702403
2020-05-06 00:00:00;2051893;0,030407424;5316514;4,210179233;0,944027525;81,02094854;6,909836339
2020-05-07 00:00:00;2043485;0,030282825;5117235;4,245202097;0,942606579;80,78254341;7,077755025
2020-05-08 00:00:00;2066415;0,030622629;5541625;4,38230547;0,942092748;80,84249196;7,410556567
2020-05-09 00:00:00;2011219;0,029804668;5056258;3,930434164;0,948585422;81,584682;7,800791625
2020-05-10 00:00:00;1933097;0,028646962;3764599;3,782054567;0,953582769;82,08655834;7,344371701
2020-05-11 00:00:00;2060487;0,030534781;4858986;4,344044651;0,942963559;80,81419376;7,184176141
2020-05-12 00:00:00;2042912;0,030274333;4821853;4,206302498;0,943854349;81,02440824;6,916264496
2020-05-13 00:00:00;2037657;0,030196458;5037978;4,321893901;0,94426801;80,78674526;7,152974191
2020-05-14 00:00:00;2034846;0,030154801;4812197;4,313356018;0,945198874;81,00324431;7,242483113
2020-05-15 00:00:00;2018674;0,029915145;4991023;4,275173217;0,945671814;81,04200956;7,259769121
2020-05-16 00:00:00;2006821;0,029739493;4686588;3,866879315;0,950199158;81,90487586;7,728443087
2020-05-17 00:00:00;1923774;0,028508803;3860420;3,629918828;0,95767839;81,91122546;7,112577141
2020-05-18 00:00:00;2045539;0,030313263;5058242;4,226883151;0,942680301;80,9031087;7,015334791
2020-05-19 00:00:00;2017706;0,0299008;5170369;4,27409074;0,943320122;80,93824941;7,080332263
2020-05-20 00:00:00;2106569;0,031217679;5513231;4,227521378;0,943970451;81,09709096;7,025152161
2020-05-21 00:00:00;2043603;0,030284573;5503099;4,191388249;0,943966506;80,70888998;7,064989218
2020-05-22 00:00:00;2125047;0,031491509;5120452;4,385525516;0,937374119;80,66156081;7,500450928
2020-05-23 00:00:00;2156427;0,031956535;5204133;4,007412911;0,948586176;81,7840789;8,02345081
2020-05-24 00:00:00;2020646;0,029944369;3754492;3,6430198;0,958785;82,04865155;7,17820572
2020-05-25 00:00:00;2264311;0,03355529;5796996;4,254203159;0,9432348;80,75112734;7,106557216
2020-05-26 00:00:00;2235980;0,033135448;5452513;4,279394914;0,941160362;80,46005895;7,131925765
2020-05-27 00:00:00;2256371;0,033437626;5647146;4,257174391;0,938535501;80,52312519;7,120573154
2020-05-28 00:00:00;2229305;0,033036529;5677746;4,262554794;0,942827316;80,4922237;7,23513415
2020-05-29 00:00:00;2265947;0,033579535;5967029;4,366502549;0,938025419;80,85055399;7,508254318
2020-05-30 00:00:00;2151259;0,03187995;5347238;4,084778001;0,945847048;81,47821723;8,204752282
2020-05-31 00:00:00;2055018;0,030453734;4435814;3,879223738;0,954433188;81,55579538;7,645416698
2020-06-01 00:00:00;2231577;0,033070199;5843090;4,278636155;0,940810565;80,44387069;7,192580079
2020-06-02 00:00:00;2233687;0,033101467;5843307;4,340163653;0,940254576;80,26165576;7,283352546
2020-06-03 00:00:00;2250460;0,03335003;6033770;4,332923365;0,939126294;79,8180958;7,298963938
2020-06-04 00:00:00;2237683;0,033160685;5878609;4,326517667;0,93929542;80,21275448;7,39230953
2020-06-05 00:00:00;2261031;0,033506683;5910171;4,512507735;0,935151045;80,2867081;7,813105443
2020-06-06 00:00:00;1968575;0,029172718;5347238;4,084778001;0,939921422;81,05337986;8,246793652
2020-06-07 00:00:00;2074750;0,030746147;4435814;3,879223738;0,953205892;81,42956428;7,687457648
2020-06-08 00:00:00;2259351;0,033481787;6170171;4,460358007;0,937233275;80,16929493;7,561719943
2020-06-09 00:00:00;2259392;0,033482395;6196701;4,325440343;0,93799411;80,13986743;7,298890698
2020-06-10 00:00:00;2274236;0,033702371;6437460;4,4478168;0,935170419;79,82044863;7,547811811
2020-06-11 00:00:00;2168198;0,032130972;5201653;4,099669201;0,946956874;80,5152745;7,026021561
2020-06-12 00:00:00;2277116;0,03374505;6497714;4,418808743;0,934701369;80,53355497;7,686486107
2020-06-13 00:00:00;2177862;0,032274185;5641966;4,25046338;0,942506913;81,10459014;8,587065764
2020-06-14 00:00:00;2075218;0,030753082;4566351;4,014415221;0,953127713;81,61777523;7,972840328
2020-06-15 00:00:00;2251171;0,033360566;6058674;4,375440714;0,938402191;79,87779199;7,450906406
2020-06-16 00:00:00;2263863;0,033548651;6224483;4,430170306;0,937897845;79,76708267;7,5294418
2020-06-17 00:00:00;2288420;0,033912567;6489403;4,453188427;0,935427234;79,77842487;7,599517489
2020-06-18 00:00:00;2281995;0,033817353;6414190;4,375326118;0,936924421;80,04026551;7,564240343
2020-06-19 00:00:00;2301785;0,034110625;6556775;4,594461385;0,933673715;79,9177834;8,044696774
2020-06-20 00:00:00;2205681;0,03268644;5853871;4,404750934;0,938687655;80,63348786;8,906818851
2020-06-21 00:00:00;2075218;0,030753082;4566351;4,014415221;0,953127713;81,61777523;8,014875398
2020-06-22 00:00:00;2080454;0,030830676;5843090;4,278636155;0,930822944;79,97857101;7,318692849
2020-06-23 00:00:00;2272736;0,033680142;5843307;4,340163653;0,936353002;79,95187837;7,409464056
2020-06-24 00:00:00;2289002;0,033921191;6469480;4,486717301;0,936178642;79,92495381;7,701903273
2020-06-25 00:00:00;2282636;0,033826852;6468007;4,382992726;0,935752472;79,493602;7,620073628
2020-06-26 00:00:00;2306643;0,034182617;6711752;4,602920928;0,933413741;79,86708874;8,101956921
2020-06-27 00:00:00;2228695;0,03302749;5997000;4,197245254;0,940477549;80,91231083;8,575341177
2020-06-28 00:00:00;2097344;0,031080972;4747937;4,104077848;0,951081287;81,13516864;8,218300257
2020-06-29 00:00:00;2263966;0,033550178;6311122;4,457033711;0,936097591;79,79047512;7,681840159
2020-06-30 00:00:00;2285139;0,033863945;6596340;4,438698827;0,935075529;79,75784914;7,628858659
2020-07-01 00:00:00;2295119;0,034011841;6693239;4,527770488;0,933918311;79,65607313;7,817829879
2020-07-02 00:00:00;2297505;0,034047199;6703637;4,54664464;0,933579433;79,58180163;7,956677523
2020-07-03 00:00:00;2309826;0,034229787;6886385;4,614222227;0,931605044;79,78531009;8,164329288
2020-07-04 00:00:00;2225512;0,03298032;6173782;4,426862365;0,938552863;80,59646024;9,030681586
2020-07-05 00:00:00;2135284;0,031643213;5240766;4,186570046;0,946592954;81,10271171;8,408815403
2020-07-06 00:00:00;2302911;0,034127312;6736951;4,553565491;0,933258362;79,66245407;7,897626134
2020-07-07 00:00:00;2315603;0,034315397;6884788;4,394894242;0,932712283;79,6439168;7,592038755
2020-07-08 00:00:00;2329214;0,034517101;7114216;4,546447212;0,931598704;79,66245971;7,893475912
2020-07-09 00:00:00;2324652;0,034449496;6902593;4,55619058;0,93241098;79,45716379;8,015887724
2020-07-10 00:00:00;2333790;0,034584914;7090305;4,674414501;0,929213387;79,61141746;8,314702472
2020-07-11 00:00:00;2228588;0,033025904;6120831;4,516867586;0,935172418;80,72616961;9,234717655
2020-07-12 00:00:00;2145706;0,031797659;5339382;4,464040509;0,945737084;80,8700159;8,950288487
2020-07-13 00:00:00;2301257;0,034102801;6616786;4,601895653;0,931024558;79,26730725;8,026646255
2020-07-14 00:00:00;2317358;0,034341405;6663888;4,425871564;0,934509977;79,48917613;7,689823345
2020-07-15 00:00:00;2304869;0,034156328;6565746;4,460687681;0,933721144;79,61148021;7,781133746
2020-07-16 00:00:00;2324224;0,034443154;6817522;4,503739785;0,933105629;79,54159865;7,963500863
2020-07-17 00:00:00;2341847;0,034704312;7122080;4,631803984;0,928599375;79,34660303;8,280027691
2020-07-18 00:00:00;2256382;0,033437789;6520505;4,427979451;0,935600047;80,26316623;9,116742741
2020-07-19 00:00:00;2164026;0,032069146;5394547;4,491246295;0,943867287;80,67523379;9,04128221
2020-07-20 00:00:00;2316854;0,034333936;6678286;4,646589389;0,931673896;79,45908636;8,149117869
2020-07-21 00:00:00;2268008;0,033610077;4676591;4,802933215;0,91926297;79,25500585;8,410556788
2020-07-22 00:00:00;2337999;0,034647288;6776703;4,579169771;0,929128578;79,40397249;8,036423557
2020-07-23 00:00:00;2347876;0,034793657;7072276;4,531153464;0,931397687;79,36656089;8,054867114
2020-07-24 00:00:00;2363197;0,035020702;7433846;4,731226234;0,927995795;79,43717778;8,50100895
2020-07-25 00:00:00;2278365;0,03376356;6718878;4,572170019;0,93418705;80,54672611;9,418306555
2020-07-26 00:00:00;2173127;0,032204016;5606395;4,474005607;0,943744643;80,94389484;9,052269343
2020-07-27 00:00:00;2348178;0,034798133;6927451;4,665378279;0,931228602;79,38925273;8,224957822
2020-07-28 00:00:00;2344577;0,034744769;7047361;4,664759714;0,93017454;79,17741947;8,203864016
2020-07-29 00:00:00;2333196;0,034576111;7037005;4,571383759;0,932243912;79,31321046;8,064427847
2020-07-30 00:00:00;2311607;0,03425618;6770526;4,483190386;0,933608918;79,47869337;8,010552265
2020-07-31 00:00:00;2351818;0,034852075;7333609;4,656563179;0,928512957;79,43749349;8,408633722
2020-08-01 00:00:00;2271974;0,03366885;6687841;4,481159242;0,935172783;80,34053459;9,296505005
2020-08-02 00:00:00;2175603;0,032240708;5524228;4,441384304;0,944150873;80,77006017;9,035568427
2020-08-03 00:00:00;2360497;0,034980691;7187731;4,724209346;0,930055093;79,24346825;8,372870754
2020-08-04 00:00:00;2364368;0,035038056;7238373;4,572931132;0,929330065;79,59767948;8,080589158
2020-08-05 00:00:00;2371838;0,035148755;7382561;4,608267441;0,929203297;79,13267954;8,172834644
2020-08-06 00:00:00;2374690;0,03519102;7464882;4,529738853;0,927340276;79,09013297;8,136355255
2020-08-07 00:00:00;2407489;0,035677075;7887564;4,685533228;0,92484978;79,1538332;8,502795141
2020-08-08 00:00:00;2310930;0,034246147;7143152;4,548617657;0,930402613;80,07726366;9,459945062
2020-08-09 00:00:00;2222949;0,032942338;5862249;4,703450633;0,93883764;80,95780688;9,54930231
2020-08-10 00:00:00;2383810;0,035326171;7202052;4,736301686;0,929309816;79,31550213;8,436651035
2020-08-11 00:00:00;2383896;0,035327445;7202568;4,635460414;0,929366249;79,35114049;8,235155515
2020-08-12 00:00:00;2390680;0,035427979;7333344;4,639688441;0,929979608;79,25721843;8,271405674
2020-08-13 00:00:00;2389635;0,035412493;7354378;4,610174615;0,928682881;79,20300574;8,323152437
2020-08-14 00:00:00;2399239;0,035554816;7732269;4,702279611;0,926125194;79,00948225;8,57495102
2020-08-15 00:00:00;1972895;0,029236737;6687841;4,481159242;0,944406059;80,83694702;9,380531885
2020-08-16 00:00:00;2032400;0,030118554;5862249;4,703450633;0,938084334;80,8077918;9,59131386
2020-08-17 00:00:00;2378564;0,035248429;6832254;4,770406287;0,929312823;78,99303019;8,540050447
2020-08-18 00:00:00;2363727;0,035028557;7202568;4,635460414;0,927993556;79,08320139;8,277166225
2020-08-19 00:00:00;2387109;0,035375059;7324274;4,521456153;0,929930169;79,34471847;8,100597846
2020-08-20 00:00:00;2366213;0,035065397;7064374;4,609750972;0,930357591;79,17211158;8,36439975
2020-08-21 00:00:00;2368902;0,035105246;7096285;4,70860299;0,931024392;79,4184194;8,628342553
2020-08-22 00:00:00;2267446;0,033601749;5916914;4,161826421;0,941841252;80,6902722;8,847741838
2020-08-23 00:00:00;2185854;0,03239262;5267948;4,053531663;0,947818621;80,90260807;8,463468324
2020-08-24 00:00:00;2371202;0,03513933;7135733;4,52807114;0,931264164;79,30542738;8,145855371
2020-08-25 00:00:00;2314392;0,034297451;5642911;4,879686649;0,931174278;79,62883239;8,758781218
2020-08-26 00:00:00;2204682;0,032671636;4871299;4,521456153;0,925766138;79,72352538;8,142605196
2020-08-27 00:00:00;2311226;0,034250533;6436075;4,812127628;0,926829608;79,39468585;8,770684661
2020-08-28 00:00:00;2368902;0,035105246;7096285;4,70860299;0,931024392;79,4184194;8,670349063
2020-08-29 00:00:00;2238412;0,033171488;5652103;4,935406909;0,930208179;80,5635555;10,28219281
2020-08-30 00:00:00;2151540;0,031884114;5091689;5,023381016;0,939507176;81,00302798;10,25120283
2020-08-31 00:00:00;2371202;0,03513933;7135733;4,52807114;0,931264164;79,30542738;8,187860621
2020-09-01 00:00:00;2314392;0,034297451;5642911;4,879686649;0,931174278;79,62883239;8,800786048
2020-09-02 00:00:00;2274385;0,033704579;5935564;4,994657599;0,926231983;79,1756332;9,036372208
2020-09-03 00:00:00;2389635;0,035412493;7354378;4,610174615;0,928682881;79,20300574;8,449173227
2020-09-04 00:00:00;2399239;0,035554816;7732269;4,702279611;0,926125194;79,00948225;8,70097055
2020-09-05 00:00:00;1972895;0,029236737;5652103;4,935406909;0,944406059;80,83694702;10,32419596
2020-09-06 00:00:00;2032400;0,030118554;5091689;5,023381016;0,938084334;80,8077918;10,29320556
2020-09-07 00:00:00;2378564;0,035248429;6832254;4,770406287;0,929312823;78,99303019;8,666066197
2020-09-08 00:00:00;2363727;0,035028557;6953649;4,672641421;0,927993556;79,08320139;8,470106528
2020-09-09 00:00:00;2387109;0,035375059;7324274;4,521456153;0,929930169;79,34471847;8,226611076
2020-09-10 00:00:00;2366213;0,035065397;7064374;4,609750972;0,930357591;79,17211158;8,48441175
2020-09-11 00:00:00;2433539;0,036063115;8076794;4,758942757;0,924427563;78,89872416;8,832964963
2020-09-12 00:00:00;2341008;0,034691879;7217732;4,711202857;0,930976699;79,96579198;9,944629143
2020-09-13 00:00:00;2241842;0,033222318;6022870;4,876660195;0,939517334;80,21263989;10,04710835
2020-09-14 00:00:00;2418457;0,035839612;7621217;4,789720173;0,927228746;79,04269002;8,712831312
2020-09-15 00:00:00;2401761;0,03559219;7520155;4,616784311;0,929346162;79,01137339;8,375563759
2020-09-16 00:00:00;2423871;0,035919843;7324274;4,521456153;0,927595361;78,92444274;8,226611076
2020-09-17 00:00:00;2430408;0,036016716;7837192;4,681285825;0,926769615;79,01109802;8,613174484
2020-09-18 00:00:00;2443390;0,036209099;8073257;4,706844251;0,924360753;79,01994047;8,739187653
2020-09-19 00:00:00;2342443;0,034713145;7098455;4,689022812;0,930401568;79,56526794;9,904705061
2020-09-20 00:00:00;2224696;0,032968228;5461176;4,361509386;0,94552501;80,52561568;9,119836895
2020-09-21 00:00:00;2415739;0,035799333;7310592;4,787784638;0,930106161;78,70953241;8,709347348
2020-09-22 00:00:00;2368903;0,035105261;6605233;4,557862933;0,936426818;79,17067339;8,269505279
2020-09-23 00:00:00;2417480;0,035825133;7493629;4,530351618;0,929442426;78,88525478;8,242622912
2020-09-24 00:00:00;2430452;0,036017368;7823367;4,550245485;0,926400674;78,89934576;8,377301873
2020-09-25 00:00:00;2448476;0,036284469;8114479;4,728403512;0,923714602;79,18336462;8,777994322
2020-09-26 00:00:00;2354541;0,034892427;7233096;4,643404726;0,930682821;80,20200654;9,822592508
2020-09-27 00:00:00;2251094;0,033359425;6132671;4,753494446;0,938726803;80,67456551;9,825410003
2020-09-28 00:00:00;2398970;0,03555083;7458233;4,814694824;0,927659663;79,21767316;8,757785682
2020-09-29 00:00:00;2406755;0,035666197;7642528;4,649743027;0,92751865;79,08612263;8,434889448
2020-09-30 00:00:00;2421425;0,035883595;7888365;4,722881755;0,926011908;78,78680138;8,589177159
2020-10-01 00:00:00;2428388;0,035986781;7904962;4,722633017;0,925252598;78,76910532;8,687599431
2020-10-02 00:00:00;2454842;0,036378809;8502081;4,802926751;0,920221065;78,81705294;8,912136152
2020-10-03 00:00:00;2370260;0,03512537;7381393;4,581790626;0,928104509;79,73365181;9,711687127
2020-10-04 00:00:00;2236232;0,033139182;5619896;4,503278109;0,942574815;80,31709977;9,375020597
2020-10-05 00:00:00;2427111;0,035967857;7750843;4,649859814;0,925781481;78,79650012;8,461082666
2020-10-06 00:00:00;2425398;0,035942472;7852825;4,653225006;0,926096465;78,70141291;8,44115701
2020-10-07 00:00:00;2439291;0,036148355;7994654;4,600953033;0,924801528;78,65512999;8,369705459
2020-10-08 00:00:00;2442535;0,036196429;8011850;4,669899156;0,924455479;78,61786945;8,592678481
2020-10-09 00:00:00;2457703;0,036421206;8295290;4,813521653;0,921642636;78,94134871;8,931206975
2020-10-10 00:00:00;2369620;0,035115886;7322810;4,765756898;0,929204217;79,79610315;10,04282642
2020-10-11 00:00:00;2234774;0,033117576;6091922;4,510294866;0,939172589;80,25361569;9,387650758
2020-10-12 00:00:00;2287202;0,033894517;6327373;4,842537737;0,936278436;79,69517409;8,807902927
2020-10-13 00:00:00;2445132;0,036234914;7822158;4,852166778;0,924696318;78,80061752;8,7992522
2020-10-14 00:00:00;2437579;0,036122985;7942622;4,683432005;0,92544065;78,28093622;8,518167608
2020-10-15 00:00:00;2436104;0,036101126;7794108;4,676391576;0,925551731;78,30860808;8,604364836
2020-10-16 00:00:00;2440717;0,036169487;7948497;4,91281916;0,924159967;78,65226138;9,109942488
2020-10-17 00:00:00;2366519;0,035069932;7265621;4,622961545;0,929696553;80,03979016;9,78579478
2020-10-18 00:00:00;2243378;0,03324508;5841368;4,643392444;0,939200326;80,42251651;9,627226398
2020-10-19 00:00:00;2367985;0,035091657;6655356;4,779844556;0,935424376;79,75581026;8,695055201
2020-10-20 00:00:00;2445808;0,036244932;8037143;4,714569579;0,924395513;78,52339538;8,551577242
2020-10-21 00:00:00;2448196;0,03628032;7921259;4,618644262;0,925203156;78,62015789;8,401549671
2020-10-22 00:00:00;2446659;0,036257543;7833832;4,734420742;0,922957096;78,24749232;8,708817336
2020-10-23 00:00:00;2462285;0,036489108;8249094;4,812077069;0,921579593;78,62465283;8,928606724
2020-10-24 00:00:00;2362054;0,035003764;7121407;4,740470787;0,931007535;79,88103304;9,997311416
2020-10-25 00:00:00;2258146;0,03346393;5899586;4,580890815;0,941279826;81,0522101;9,514723466
2020-10-26 00:00:00;2442009;0,036188634;7646976;4,731323637;0,926365739;78,99695583;8,607717547
2020-10-27 00:00:00;2445808;0,036244932;8037143;4,714569579;0,924395513;78,52339538;8,551577242
2020-10-28 00:00:00;2437162;0,036116805;7503174;4,738738906;0,918537224;78,89167335;8,61772003
2020-10-29 00:00:00;2416436;0,035809662;6852974;4,585631644;0,91553924;77,86129493;8,440996959
2020-10-30 00:00:00;2444943;0,036232113;7891583;4,775586969;0,925216805;78,92726808;8,862924544
2020-10-31 00:00:00;2362054;0,035003764;7121407;4,740470787;0,931007535;79,88103304;9,997311416
2020-11-01 00:00:00;2224030;0,032958358;5603470;4,35947383;0,944926391;80,62329393;9,116172894
2020-11-02 00:00:00;2269476;0,033631832;5812255;4,823255993;0,941681152;80,39745348;8,773195787
2020-11-03 00:00:00;2452228;0,036340071;7748584;4,728718297;0,925009694;78,85774462;8,577044934
2020-11-04 00:00:00;2452986;0,036351304;7861915;4,68338288;0,924763406;78,60865451;8,518079184
2020-11-05 00:00:00;2459092;0,03644179;7965807;4,712373012;0,925828455;78,77934564;8,669131422
2020-11-06 00:00:00;2492308;0,036934025;8483373;4,730409584;0,921842274;78,5889165;8,78160525
2020-11-07 00:00:00;2386964;0,03537291;7268800;4,803531443;0,926338393;79,69026161;10,1108206
2020-11-08 00:00:00;2292565;0,033973992;6167041;4,684681939;0,939060299;80,41909223;9,70154749
2020-11-09 00:00:00;2458598;0,036434469;7872487;4,701312949;0,925570761;78,72434662;8,553698307
2020-11-10 00:00:00;2460852;0,036467872;8011229;4,570407232;0,925401851;78,33780365;8,292085017
2020-11-11 00:00:00;2470857;0,036616138;7974049;4,612000848;0,925317543;78,27293655;8,389591527
2020-11-12 00:00:00;2475192;0,036680379;8026626;4,729178977;0,925255523;78,61306511;8,699382159
2020-11-13 00:00:00;2507778;0,037163278;8499001;4,692209818;0,922602148;78,88228461;8,712845673
2020-11-14 00:00:00;2415700;0,035798755;7390607;4,561301913;0,927666688;79,80417837;9,674807443
2020-11-15 00:00:00;2351920;0,034853586;6947619;4,412262423;0,9346358;80,46991882;9,211192362
2020-11-16 00:00:00;2484729;0,03682171;8007617;4,70622544;0,926076458;78,48231244;8,562540792
2020-11-17 00:00:00;2482743;0,036792279;8050641;4,659833414;0,92494505;78,2533655;8,453052145
2020-11-18 00:00:00;2468387;0,036579535;7720530;4,612602993;0,924506263;78,45772752;8,390675387
2020-11-19 00:00:00;2480981;0,036766168;7680915;4,967744902;0,919014679;78,49819542;9,128800823
2020-11-20 00:00:00;2372653;0,035160833;5874869;4,698711078;0,934048623;79,91423835;8,724547941
2020-11-21 00:00:00;2367817;0,035089167;6923474;4,571662771;0,929548517;79,9361177;9,693456988
2020-11-22 00:00:00;2287438;0,033898014;5845880;4,717912684;0,940263275;80,63046556;9,761362831
2020-11-23 00:00:00;2483545;0,036804164;7646254;4,757641741;0,925064985;78,77859965;8,655090135
2020-11-24 00:00:00;2496794;0,037000504;8058379;4,687910265;0,923190493;78,66888417;8,503590477
2020-11-25 00:00:00;2492551;0,036937626;8076269;4,617983314;0,923175303;78,5375192;8,400359965
2020-11-26 00:00:00;2475831;0,036689849;7354212;4,716195136;0,919624991;78,13831826;8,676011246
2020-11-27 00:00:00;2286627;0,033885996;5874869;4,698711078;0,908146908;78,11797614;8,724547941
2020-11-28 00:00:00;2425209;0,035939671;7679657;4,8178156;0,926899119;79,68450047;10,13653208
2020-11-29 00:00:00;2344971;0,034750608;6956588;4,832314283;0,931976493;80,15069302;9,967285709
2020-11-30 00:00:00;2495358;0,036979223;8140780;4,771623998;0,924449777;78,68490174;8,680258196
2020-12-01 00:00:00;2504408;0,037113337;8248589;4,636422964;0,924269062;78,86150938;8,410913336
2020-12-02 00:00:00;2511382;0,037216686;8251095;4,594738695;0,924476033;78,55197421;8,358519652
2020-12-03 00:00:00;2514672;0,037265442;8391252;4,649785547;0,923649652;78,36538991;8,556473985
2020-12-04 00:00:00;2520793;0,03735615;8534221;4,780768989;0,919524572;78,25291268;8,87225218
2020-12-05 00:00:00;2434254;0,036073711;7527381;4,679355524;0,929006471;79,57545603;9,887303943
2020-12-06 00:00:00;2313015;0,034277045;5919397;4,477618981;0,942160056;80,50696132;9,328834166
2020-12-07 00:00:00;2490260;0,036903675;7741998;4,615838016;0,926647979;78,90402952;8,399843429
2020-12-08 00:00:00;2509603;0,037190323;8274618;4,557235069;0,924434652;78,48266984;8,268375124
2020-12-09 00:00:00;2501089;0,037064152;8101963;4,637353646;0,922866941;78,54882788;8,435226562
2020-12-10 00:00:00;2512119;0,037227608;8289491;4,655426916;0,9236495;79,10772655;8,566628449
2020-12-11 00:00:00;2532498;0,037529609;8560693;4,774298701;0,9215869;78,53824813;8,860605661
2020-12-12 00:00:00;2452364;0,036342087;7687741;4,690406301;0,928537299;79,70477535;9,907195342
2020-12-13 00:00:00;2337841;0,034644947;6085970;4,586109721;0,939275228;80,44416807;9,524117497
2020-12-14 00:00:00;2525496;0,037425845;8358560;4,767717169;0,924256917;78,42624015;8,673225905
2020-12-15 00:00:00;2528718;0,037473592;8527707;4,650386723;0,922455184;78,46177775;8,436048101
2020-12-16 00:00:00;2557155;0,037895006;8733743;4,560813512;0,920743489;78,98029603;8,297454321
2020-12-17 00:00:00;2532480;0,037529342;8534488;4,653210699;0,922161136;78,90455972;8,562639259
2020-12-18 00:00:00;2556278;0,037882009;8936660;4,73508265;0,919473213;78,42159331;8,79001677
2020-12-19 00:00:00;2479360;0,036742146;8069543;4,702309474;0,925998417;79,81103511;9,928621053
2020-12-20 00:00:00;2357381;0,034934514;6591633;4,707645882;0,935270675;80,48301851;9,742882588
2020-12-21 00:00:00;2529218;0,037481002;8528697;4,808815143;0,921343749;78,48434285;8,747202258
2020-12-22 00:00:00;2534096;0,03755329;8492554;4,603237015;0,923217927;78,36078753;8,351178626
2020-12-23 00:00:00;2540653;0,037650459;8749585;4,640705226;0,921553468;78,86866008;8,441259406
2020-12-24 00:00:00;2458269;0,036429594;7224268;4,466672433;0,934609927;80,46384257;8,22687038
2020-12-25 00:00:00;2232579;0,033085047;4911212;4,138765003;0,950941877;81,38829152;7,716645005
2020-12-26 00:00:00;2357955;0,03494302;6511893;4,581688683;0,937463439;80,32434419;9,711503629
2020-12-27 00:00:00;2260818;0,033503527;5364528;4,514094793;0,947490144;80,96665774;9,394490627
2020-12-28 00:00:00;2475534;0,036685448;7555852;4,789948652;0,927175406;79,22493003;8,713242573
2020-12-29 00:00:00;2454868;0,036379194;7003869;4,927797438;0,922787214;79,23148463;8,935387389
2020-12-30 00:00:00;2493787;0,036955943;7866630;4,984441278;0,919085692;78,95012444;9,059984301
2020-12-31 00:00:00;2409993;0,035714182;7230020;4,670509273;0,933461753;80,14435248;8,593776692
2021-01-01 00:00:00;2179485;0,032298237;5300900;4,131529524;0,948696732;80,80255464;7,703621143
2021-01-02 00:00:00;2233343;0,033096369;5028470;4,764667833;0,943401823;80,19249572;10,0408661
2021-01-03 00:00:00;2185882;0,032393035;5364528;4,514094793;0,947490144;80,15903773;9,394490627
2021-01-04 00:00:00;2471942;0,036632217;7591585;4,867752777;0,927962991;79,02666836;8,853289998
2021-01-05 00:00:00;2478394;0,03672783;7857450;4,812732237;0,926749636;78,71895814;8,728270027
2021-01-06 00:00:00;2480749;0,03676273;7880437;4,77263094;0,924772894;79,1093027;8,678725692
2021-01-07 00:00:00;2496571;0,036997199;8142391;4,770705434;0,924270115;79,29553788;8,774129781
2021-01-08 00:00:00;2521792;0,037370954;8381008;4,827446469;0,922890496;78,92255644;8,956271644
2021-01-09 00:00:00;2412578;0,03575249;7132024;4,746680972;0,931644427;80,16155617;10,00848975
2021-01-10 00:00:00;2307646;0,034197481;5968307;4,828853348;0,939145704;80,78975032;9,961056026
2021-01-11 00:00:00;2505088;0,037123414;7985055;4,762220213;0,925258135;79,37460001;8,663331384
2021-01-12 00:00:00;2496999;0,037003542;8136227;4,697667479;0,924549496;79,38765862;8,521153461
2021-01-13 00:00:00;2501622;0,037072051;8086105;4,730787879;0,924701164;79,04898405;8,603408181
2021-01-14 00:00:00;2477192;0,036710018;7247770;4,884266074;0,921780912;79,09644199;8,978538934
2021-01-15 00:00:00;2518326;0,037319591;8380131;4,929351665;0,921695633;78,82653713;9,139700997
2021-01-16 00:00:00;2422629;0,035901437;7353257;4,911162066;0,929282164;79,94499039;10,30455572
2021-01-17 00:00:00;2333556;0,034581446;6449304;5,02384738;0,935980008;80,04917085;10,31204528
2021-01-18 00:00:00;2508888;0,037179727;8068723;4,95359974;0,924027334;78,62606353;9,007814532
2021-01-19 00:00:00;2499018;0,037033462;8154688;4,849916996;0,922880901;78,77268506;8,795202593
2021-01-20 00:00:00;2442075;0,036189612;6973689;4,809983057;0,933493623;80,18605784;8,745959502
2021-01-21 00:00:00;2488794;0,03688195;7827600;4,845526912;0,921728767;78,39660104;8,908808442
2021-01-22 00:00:00;2508643;0,037176097;8251787;4,963018525;0,922013142;78,75358931;9,200301345
2021-01-23 00:00:00;2416415;0,035809351;7204826;4,922925278;0,930433717;80,17493947;10,3257295
2021-01-24 00:00:00;2314405;0,034297644;6103355;5,00583061;0,939097485;81,13341923;10,2796151
2021-01-25 00:00:00;2502902;0,03709102;7793453;4,94430148;0,924299167;78,94597501;8,991077665
2021-01-26 00:00:00;2482077;0,03678241;7567551;4,827601947;0,92168449;78,03185616;8,755035504
2021-01-27 00:00:00;2490856;0,036912507;7949757;4,840012131;0,921045485;78,24661016;8,800011835
2021-01-28 00:00:00;2513231;0,037244087;8225886;4,833550761;0,922778221;78,34842995;8,88725137
2021-01-29 00:00:00;2523340;0,037393894;8466785;4,976849875;0,919493422;78,23873628;9,225197775
2021-01-30 00:00:00;2418733;0,035843702;7332632;4,928893919;0,928768235;79,52424085;10,33647305
2021-01-31 00:00:00;2310121;0,034234158;6236442;5,180491559;0,936762183;80,67950634;10,59400481
2021-02-01 00:00:00;2500559;0,037056298;7961397;4,954036244;0,923668936;78,92842021;9,008600238
2021-02-02 00:00:00;2528423;0,037469221;8175285;4,788720665;0,923472025;79,20378931;8,685049196
2021-02-03 00:00:00;2531985;0,037522007;8338238;4,715110467;0,923222085;78,57138384;8,575188841
2021-02-04 00:00:00;2537597;0,037605172;8179394;4,809344928;0,922428576;78,64330451;8,84368087
2021-02-05 00:00:00;2535740;0,037577653;7675637;4,657114404;0,918956204;78,38245425;8,649673927
2021-02-06 00:00:00;2441355;0,036178942;7084460;4,449209201;0,932225142;79,82130626;9,473040562
2021-02-07 00:00:00;2328609;0,034508136;5974982;4,417855623;0,941798539;80,70767135;9,221260121
2021-02-08 00:00:00;2539086;0,037627238;8030245;4,703349468;0,923726318;78,60622014;8,557364042
2021-02-09 00:00:00;2526677;0,037443346;8088978;4,712616806;0,923174554;78,70935741;8,548062251
2021-02-10 00:00:00;2544429;0,037706417;8261947;4,790007398;0,921657444;78,9561316;8,710003317
2021-02-11 00:00:00;2557743;0,03790372;8432386;4,778389325;0,911729454;78,89441441;8,787960786
2021-02-12 00:00:00;2564214;0,037999615;8697381;4,939177826;0,905450299;78,80605019;9,157388086
2021-02-13 00:00:00;2349326;0,034815145;5290003;5,286774751;0,917806071;80,12463432;10,98065855
2021-02-14 00:00:00;2225328;0,032977593;5974982;4,417855623;0,919467764;80,60625164;9,221260121
2021-02-15 00:00:00;2378864;0,035252875;6658630;4,781078082;0,92414956;80,0929263;8,697275547
2021-02-16 00:00:00;2321422;0,03440163;5967398;4,970468707;0,929677379;80,39892452;9,012195672
2021-02-17 00:00:00;2468635;0,03658321;7185489;4,915948501;0,920852723;79,59892415;8,936697302
2021-02-18 00:00:00;2521392;0,037365027;8101365;4,920937648;0,92429333;78,80461179;9,044547767
2021-02-19 00:00:00;2536856;0,037594191;8291997;4,985980439;0,922515467;78,82647183;9,241632791
2021-02-20 00:00:00;2441290;0,036177979;7149278;4,806692563;0,930519059;79,37589051;10,11651061
2021-02-21 00:00:00;2325680;0,03446473;5922123;4,581669725;0,942040841;80,56654072;9,516125505
2021-02-22 00:00:00;2529598;0,037486633;7945214;4,801086225;0,925098571;78,71671149;8,733290205
2021-02-23 00:00:00;2531602;0,037516331;7989587;4,778177353;0,923685672;78,68991858;8,666071235
2021-02-24 00:00:00;2544032;0,037700533;8235182;4,696384217;0,924001123;79,11678801;8,54148159
2021-02-25 00:00:00;2536732;0,037592353;8007139;4,716754092;0,924327034;79,18451867;8,677017365
2021-02-26 00:00:00;2557948;0,037906758;8231673;4,856258614;0,922071692;79,2547354;9,008133505
2021-02-27 00:00:00;2449334;0,036297184;7208719;4,632438694;0,931021795;80,34896108;9,802853649
2021-02-28 00:00:00;2349997;0,034825089;6150861;4,600235533;0,939570436;80,87401263;9,54954396
2021-03-01 00:00:00;2545889;0,037728053;8143431;4,732763396;0,924492024;79,14160283;8,610309114
2021-03-02 00:00:00;2532318;0,037526941;7970987;4,730560032;0,923243932;79,1900082;8,580360058
2021-03-03 00:00:00;2564601;0,03800535;8506744;4,582794798;0,922939885;79,00069708;8,337020637
2021-03-04 00:00:00;2553812;0,037845465;8326960;4,707323267;0,922670367;79,5057211;8,66004188
2021-03-05 00:00:00;2591530;0,038404416;8815397;4,76342664;0,918431834;80,03355886;8,841035953
2021-03-06 00:00:00;2477715;0,036717768;7314175;4,494090381;0,931580629;80,21483243;9,553826686
2021-03-07 00:00:00;2339554;0,034670332;5652918;4,342327075;0,944906053;81,00862512;9,085308734
2021-03-08 00:00:00;2546133;0,037731669;7915392;4,692272405;0,925224856;78,92959015;8,53742533
2021-03-09 00:00:00;2542797;0,037682232;7950713;4,778230334;0,925426521;78,95737507;8,666166602
2021-03-10 00:00:00;2553218;0,037836663;8066830;4,733033937;0,925511968;79,16823932;8,607451087
2021-03-11 00:00:00;2558588;0,037916242;8157708;4,722790684;0,925311816;79,39354276;8,687883231
2021-03-12 00:00:00;2579857;0,038231432;8463975;4,787143833;0,922349031;79,08047713;8,8837269
2021-03-13 00:00:00;2459804;0,036452341;7156789;4,615983172;0,932097154;80,61706737;9,773233709
2021-03-14 00:00:00;2344305;0,034740738;6008378;4,579840561;0,94136323;81,05429376;9,51283301
2021-03-15 00:00:00;2543028;0,037685655;7859890;4,759199099;0,925896674;79,16950759;8,657893378
2021-03-16 00:00:00;2558321;0,037912285;7935111;4,679325908;0,926161189;79,1405291;8,488138635
2021-03-17 00:00:00;2570182;0,038088056;8043622;4,701043502;0,925323398;79,12062836;8,549868303
2021-03-18 00:00:00;2566993;0,038040797;8061332;4,672449492;0,925338081;79,27612855;8,597269086
2021-03-19 00:00:00;2583122;0,038279816;8146243;4,80232327;0,92267156;79,06158511;8,911049887
2021-03-20 00:00:00;2454099;0,036367798;7003866;4,541104018;0,933791028;80,27471841;9,638451232
2021-03-21 00:00:00;2340040;0,034677534;5734426;4,464857178;0,943825478;80,77518193;9,30586292
2021-03-22 00:00:00;2545356;0,037720154;7657251;4,678102421;0,928042469;79,26092436;8,511919358
2021-03-23 00:00:00;2545232;0,037718317;7766282;4,692799813;0,927594236;79,2625233;8,512391664
2021-03-24 00:00:00;2565810;0,038023266;7883846;4,684228987;0,926909234;79,07673382;8,519602176
2021-03-25 00:00:00;2559568;0,037930765;8041068;4,712935341;0,925704051;79,0460422;8,670143614
2021-03-26 00:00:00;2515247;0,037273963;7009970;4,761645968;0,928631522;79,77157056;8,837830742
2021-03-27 00:00:00;2030924;0,03009668;7003866;4,541104018;0,950506409;80,69531582;9,638451232
2021-03-28 00:00:00;2270792;0,033651334;5028737;4,098773914;0,948731206;80,8585527;8,646913045
2021-03-29 00:00:00;2454194;0,036369206;6388039;4,625418033;0,936235624;80,07940694;8,41708746
2021-03-30 00:00:00;2479493;0,036744117;6817932;4,383375186;0,936778542;80,06791183;7,955427335
2021-03-31 00:00:00;2486118;0,036842294;6969489;4,552329803;0,934448206;79,86976296;8,282183646
2021-04-01 00:00:00;2499043;0,037033832;7201227;4,655885569;0,931674941;80,1426461;8,567454024
2021-04-02 00:00:00;2315349;0,034311633;5527991;4,186733927;0,946268516;80,8938949;7,802989069
2021-04-03 00:00:00;2374199;0,035183743;6181200;4,347449129;0,940528009;80,66796812;9,289872433
2021-04-04 00:00:00;2313540;0,034284825;5486750;4,268683638;0,945978257;81,12334224;8,952750548
2021-04-05 00:00:00;2514228;0,037258862;7184779;4,767776588;0,932181234;79,70425684;8,673332859
2021-04-06 00:00:00;2512253;0,037229594;7136187;4,574032491;0,929259107;79,45627246;8,298610483
2021-04-07 00:00:00;2530584;0,037501245;7446283;4,533019997;0,929762192;79,30363022;8,247425995
2021-04-08 00:00:00;2531131;0,037509351;7440229;4,602291861;0,929549912;79,41401548;8,470985349
2021-04-09 00:00:00;2551839;0,037816227;7922622;4,740906668;0,924343427;79,04273859;8,800500002
2021-04-10 00:00:00;2441673;0,036183654;6841526;4,600519679;0,932998627;80,1638859;9,745399423
2021-04-11 00:00:00;2316592;0,034330053;5443913;4,402072254;0,944310824;80,54853893;9,192850057
2021-04-12 00:00:00;2514059;0,037256357;7429704;4,762419817;0,925132156;78,63944649;8,66369067
2021-04-13 00:00:00;2514714;0,037266064;7400286;4,580778303;0,929485016;78,91652759;8,310752946
2021-04-14 00:00:00;2528922;0,037476615;7194980;4,704569385;0,924952202;79,04057432;8,556214892
2021-04-15 00:00:00;2545101;0,037716375;7597809;4,745873614;0,922828938;78,85760649;8,729432505
2021-04-16 00:00:00;2533182;0,037539745;7415608;4,972213127;0,920833799;79,14347234;9,216851628
2021-04-17 00:00:00;2461098;0,036471517;6927929;4,687069158;0,933487248;80,05943655;9,901188485
2021-04-18 00:00:00;2329271;0,034517946;5557640;4,440160742;0,944570093;80,64750874;9,261409336
2021-04-19 00:00:00;2544490;0,037707321;7553497;4,760909141;0,927856043;79,08816542;8,660971454
2021-04-20 00:00:00;2553796;0,037845228;7790039;4,641169912;0,926850621;78,99443717;8,419457841
2021-04-21 00:00:00;2425086;0,035937848;6492864;4,40009671;0,937288539;79,74365844;8,008164079
2021-04-22 00:00:00;2533237;0,03754056;7385317;4,750224327;0,926268309;78,96153678;8,737263789
2021-04-23 00:00:00;2515892;0,037283521;7032800;4,738355157;0,930786445;79,79346442;8,795907283
2021-04-24 00:00:00;2435775;0,036096251;6531218;4,676866998;0,931931065;80,39851334;9,882824596
2021-04-25 00:00:00;2332053;0,034559173;5621390;4,639871982;0,942650037;80,86603066;9,620889568
2021-04-26 00:00:00;2549768;0,037785536;7657326;4,814449657;0,927693479;79,03492445;8,757344382
2021-04-27 00:00:00;2529430;0,037484143;7454626;4,716576073;0,925532915;78,78012945;8,555188932
2021-04-28 00:00:00;2549045;0,037774822;7818950;4,691970544;0,926165858;78,75715994;8,533536979
2021-04-29 00:00:00;2549945;0,037788159;7723854;4,724610462;0,927148578;78,83744002;8,691158831
2021-04-30 00:00:00;2563623;0,037990857;8138304;4,840646674;0,919102682;78,58304904;8,980032014
2021-05-01 00:00:00;2396364;0,035512211;6419593;4,580934942;0,93669464;80,13757948;9,710146896
2021-05-02 00:00:00;2339698;0,034672466;5694656;4,522771177;0,942301044;80,09500472;9,410108118
2021-05-03 00:00:00;2539353;0,037631194;7176564;4,838672405;0,921476224;78,29750024;8,800945328
2021-05-04 00:00:00;2563305;0,037986144;7819029;4,74138397;0,925648151;78,5972993;8,599843146
2021-05-05 00:00:00;2569928;0,038084292;8011718;4,690156532;0,924810882;78,61486601;8,530271758
2021-05-06 00:00:00;2574084;0,03814588;7983796;4,729000524;0,924420773;78,76061206;8,699060943
2021-05-07 00:00:00;2593233;0,038429653;8203022;4,836730341;0,92317788;78,63569282;8,972982614
2021-05-08 00:00:00;2503966;0,037106787;7272476;4,546581466;0,930636868;79,62640503;9,648310639
2021-05-09 00:00:00;2406455;0,035661752;6230526;4,657151462;0,936860301;80,20544058;9,651992631
2021-05-10 00:00:00;2565412;0,038017368;7778821;4,797390122;0,925797126;78,59870404;8,726637219
2021-05-11 00:00:00;2568607;0,038064715;7999661;4,701383084;0,925028606;78,53170998;8,527841551
2021-05-12 00:00:00;2555259;0,037866909;7481399;4,773411815;0,921878148;78,47565054;8,680131267
2021-05-13 00:00:00;2517816;0,037312033;5816771;4,44646381;0,919436783;77,73800626;8,190494858
2021-05-14 00:00:00;2596448;0,038477297;8255603;4,807471157;0,922008345;78,78900598;8,920316083
2021-05-15 00:00:00;2489080;0,036886189;7186935;4,605362882;0,930635972;79,91161241;9,754117187
2021-05-16 00:00:00;2355053;0,034900015;5473362;4,689455662;0,940943632;80,61191376;9,710140192
2021-05-17 00:00:00;2558574;0,037916034;7456964;4,786445751;0,919390684;78,537232;8,706937352
2021-05-18 00:00:00;2548208;0,037762418;7551710;4,73314341;0,923930195;78,44781616;8,585010139
2021-05-19 00:00:00;2564600;0,038005335;7829017;4,68107324;0,925502467;78,62141024;8,513921832
2021-05-20 00:00:00;2580226;0,0382369;8009052;4,665865849;0,9245768;78,57080103;8,585418528
2021-05-21 00:00:00;2609203;0,038666316;8245068;4,80104447;0,922298551;78,66190401;8,908748047
2021-05-22 00:00:00;2505261;0,037125978;7271206;4,687179229;0,930541029;79,86809199;9,901386613
2021-05-23 00:00:00;2373469;0,035172925;5938388;4,666656942;0,940451117;80,49079093;9,669102495
2021-05-24 00:00:00;2565975;0,038025711;7621744;4,783799544;0,926966997;79,15309674;8,702174179
2021-05-25 00:00:00;2577685;0,038199244;7828177;4,696868594;0,926211909;78,96816039;8,51971547
2021-05-26 00:00:00;2572130;0,038116924;7749175;4,752363774;0,924200935;78,95312083;8,642244793
2021-05-27 00:00:00;2588157;0,038354431;7908263;4,761753796;0,924889307;78,84310952;8,758016833
2021-05-28 00:00:00;2622706;0,03886642;8399843;4,800672045;0,92101504;78,7977554;8,90807768
2021-05-29 00:00:00;2506471;0,037143909;7317772;4,679983313;0,930550375;79,64564747;9,888433964
2021-05-30 00:00:00;2413945;0,035772747;5907322;4,531659106;0,941081627;80,06298411;9,426106391
2021-05-31 00:00:00;2567336;0,03804588;7465230;4,74030176;0,928470735;79,11270565;8,623878168
2021-06-01 00:00:00;2578713;0,038214478;7983196;4,627015457;0,925100368;78,5377631;8,393979822
2021-06-02 00:00:00;2606774;0,03863032;8478744;4,751999817;0,921219759;78,42585724;8,641589671
2021-06-03 00:00:00;2451496;0,036329223;6496792;4,638730049;0,937496441;79,98934561;8,536574088
2021-06-04 00:00:00;2582103;0,038264715;8037215;4,728680901;0,923447658;78,43799226;8,778493622
2021-06-05 00:00:00;2485800;0,036837582;7176376;4,754762026;0,927353738;79,28248816;10,02303565
2021-06-06 00:00:00;2395803;0,035503897;6102049;4,969527073;0,93778217;80,242777;10,21426873
2021-06-07 00:00:00;2600248;0,03853361;8072987;4,804292082;0,924199634;78,57604422;8,739060748
2021-06-08 00:00:00;2596372;0,038476171;8089612;4,693590213;0,92449588;78,47282004;8,513814383
2021-06-09 00:00:00;2615397;0,038758106;8397876;4,725183814;0,925516942;79,15014049;8,593320865
2021-06-10 00:00:00;2626454;0,038921962;8525351;4,693716278;0,924842716;79,08450419;8,635549301
2021-06-11 00:00:00;2638544;0,039101126;8694456;4,808423491;0,920607799;78,98269878;8,922030284
2021-06-12 00:00:00;2525606;0,037427475;7641271;4,516375303;0,930466079;79,98705672;9,593939545
2021-06-13 00:00:00;2393439;0,035468865;5990996;4,474205769;0,942824535;80,70288034;9,322690385
2021-06-14 00:00:00;2608941;0,038662433;8082973;4,761118462;0,926724375;79,11891111;8,661348231
2021-06-15 00:00:00;2613280;0,038726734;8316114;4,688577799;0,925505859;78,98819442;8,504792039
2021-06-16 00:00:00;2608903;0,03866187;8200590;4,684892861;0,925390296;78,94241541;8,520797149
2021-06-17 00:00:00;2628337;0,038949867;8163552;4,65309389;0,926512395;79,34470148;8,562429002
2021-06-18 00:00:00;2646434;0,03921805;8657149;4,796031135;0,923396733;79,24529991;8,899724043
2021-06-19 00:00:00;2536364;0,0375869;7417786;4,687022768;0,932033967;80,46416411;9,901104982
2021-06-20 00:00:00;2426674;0,035961381;6219620;4,5203733;0,941872508;80,92753183;9,40579194
2021-06-21 00:00:00;2611352;0,038698162;8053109;4,686970421;0,927977974;79,26314721;8,527881758
2021-06-22 00:00:00;2557390;0,037898488;6213341;4,728657217;0,925655341;78,77737941;8,576934991
2021-06-23 00:00:00;2625777;0,038911929;8093303;4,710775576;0,922307456;78,73506918;8,567386037
2021-06-24 00:00:00;2595962;0,038470095;7309455;4,939643046;0,919836086;78,89592226;9,078217482
2021-06-25 00:00:00;2654073;0,039331254;8707738;4,831027042;0,923321916;79,00770517;8,962716676
2021-06-26 00:00:00;2552443;0,037825178;7624365;4,676924661;0,930966166;80,32534395;9,88292839
2021-06-27 00:00:00;2441690;0,036183906;6366619;4,787385801;0,940298629;80,76278702;9,886414441
2021-06-28 00:00:00;2632485;0,039011337;8185141;4,760250985;0,927266781;79,39303254;8,659786774
2021-06-29 00:00:00;2611169;0,038695451;7983646;4,691122805;0,928730555;79,20380297;8,509373048
2021-06-30 00:00:00;2614668;0,038747303;8084099;4,672723255;0,927758231;78,93355449;8,498891859
2021-07-01 00:00:00;2627763;0,03894136;8399847;4,695163066;0,925306393;78,90898665;8,638153519
2021-07-02 00:00:00;2644004;0,039182039;8667869;4,791752464;0,922283305;79,06469754;8,892022436
2021-07-03 00:00:00;2558583;0,037916168;7732864;4,655571672;0,930177138;80,03664396;9,844493009
2021-07-04 00:00:00;2432054;0,036041108;6186013;4,572627924;0,941627767;80,87002856;9,499850263
2021-07-05 00:00:00;2609708;0,0386738;8076010;4,744113963;0,927100152;79,18762001;8,630740133
2021-07-06 00:00:00;2625766;0,038911766;8275320;4,70845447;0,926291496;79,13517715;8,540570046
2021-07-07 00:00:00;2634945;0,039047792;8467167;4,633823405;0,925023232;79,16658959;8,42887213
2021-07-08 00:00:00;2643011;0,039167324;8511012;4,810712117;0,924776858;79,26313644;8,846141811
2021-07-09 00:00:00;2664512;0,039485951;8833777;4,870383151;0,922067086;79,15852812;9,033557672
2021-07-10 00:00:00;2572747;0,038126067;7811189;4,664715793;0,929229761;80,23783438;9,860952427
2021-07-11 00:00:00;2453665;0,036361366;6373789;4,765549781;0,93977126;80,72107452;9,847109606
2021-07-12 00:00:00;2631210;0,038992442;8208404;4,777227895;0,926088284;79,40087387;8,690345211
2021-07-13 00:00:00;2637233;0,039081698;8263905;4,729763178;0,926443914;79,47695328;8,57892572
2021-07-14 00:00:00;2638522;0,0391008;8321651;4,832772389;0,926369418;78,94729874;8,786980299
2021-07-15 00:00:00;2658534;0,039397362;8462383;4,790010622;0,924927748;78,74490362;8,80887912
2021-07-16 00:00:00;2683898;0,039773237;8611444;4,924124444;0,923079885;78,93444173;9,130292
2021-07-17 00:00:00;2564356;0,038001719;7569546;4,762394647;0,931222164;79,95124809;10,03677436
2021-07-18 00:00:00;2286294;0,033881061;6373789;4,765549781;0,945354957;81,24923187;9,847109606
2021-07-19 00:00:00;2623265;0,038874704;7704870;5,004825023;0,925563233;78,72220663;9,100020042
2021-07-20 00:00:00;2620016;0,038826556;7926834;4,832344112;0,927136294;79,05958557;8,763571401
2021-07-21 00:00:00;2634942;0,039047747;8025979;4,822339564;0,927423047;78,92484398;8,768201215
2021-07-22 00:00:00;2607791;0,038645391;6438844;4,623625073;0,918294642;78,36978203;8,509385131
2021-07-23 00:00:00;2658705;0,039399896;8515655;4,944539072;0,923535222;78,72842073;9,167038329
2021-07-24 00:00:00;2555726;0,037873829;7464526;4,909004399;0,930443877;80,25311133;10,30067192
2021-07-25 00:00:00;2441159;0,036176037;6199653;4,932881677;0,939546404;80,63450466;10,14830702
2021-07-26 00:00:00;2631146;0,038991494;7946208;4,956542025;0,927077046;78,74436008;9,013110645
2021-07-27 00:00:00;2637700;0,039088619;8237089;4,863272511;0,925261713;78,8965175;8,81924252
2021-07-28 00:00:00;2615536;0,038760166;7727604;4,724944095;0,92855306;79,32891254;8,592889371
2021-07-29 00:00:00;2627949;0,038944117;7936664;4,747018245;0,927797913;79,34502101;8,731492841
2021-07-30 00:00:00;2645315;0,039201467;8210541;4,899190853;0,924906069;79,30592771;9,085411535
2021-07-31 00:00:00;2544715;0,037710655;7214479;4,711624106;0,932727212;80,49590545;9,945387392
2021-08-01 00:00:00;2442229;0,036191894;6025477;4,722917353;0,942117317;81,08414577;9,770371235
2021-08-02 00:00:00;2637924;0,039091938;8266214;4,726098903;0,925913572;79,70547943;8,598313026
2021-08-03 00:00:00;2625126;0,038902282;7975918;4,70367323;0,927706491;79,1364399;8,531963815
2021-08-04 00:00:00;2626735;0,038926126;8139906;4,65986156;0,926485397;79,27542677;8,475740809
2021-08-05 00:00:00;2651993;0,03930043;8403250;4,741955585;0,925266051;79,25470771;8,722380054
2021-08-06 00:00:00;2676403;0,039662167;8779037;4,877989744;0,922137575;79,11985871;9,047249539
2021-08-07 00:00:00;2599519;0,038522807;7745425;4,785680809;0,929087414;80,05750455;10,07868946
2021-08-08 00:00:00;2498947;0,03703241;6585261;4,848970802;0,937421794;81,11232753;9,997267444
2021-08-09 00:00:00;2656932;0,039373622;8144956;4,845450256;0,926267491;79,0084763;8,813145462
2021-08-10 00:00:00;2672107;0,039598503;8325562;4,801266394;0,924889275;79,16124138;8,70763151
2021-08-11 00:00:00;2656976;0,039374274;8060248;4,763485477;0,927363458;79,01062743;8,662263858
2021-08-12 00:00:00;2653837;0,039327756;8038670;4,797770525;0,927282125;78,82394624;8,822846945
2021-08-13 00:00:00;2668839;0,039550074;8330843;4,817097853;0,925282522;79,34094514;8,937644136
2021-08-14 00:00:00;2563204;0,037984647;7003075;4,646010159;0,934740597;80,59573508;9,827282287
2021-08-15 00:00:00;2462618;0,036494043;6026574;4,676530261;0,942390366;80,935235;9,68687447
2021-08-16 00:00:00;2670337;0,039572273;8124770;4,798187997;0,926805539;79,55772766;8,728073395
2021-08-17 00:00:00;2671013;0,039582291;8318248;4,723796038;0,926574866;79,3893605;8,568184869
2021-08-18 00:00:00;2682479;0,039752208;8412703;4,700456174;0,925736059;79,39936554;8,548811112
2021-08-19 00:00:00;2682087;0,039746399;8338704;4,844614172;0,925453468;79,36893133;8,90716551
2021-08-20 00:00:00;2710069;0,04016107;8732927;4,989877175;0,922057067;78,95639304;9,248646915
2021-08-21 00:00:00;2583794;0,038289775;7484449;5,011352608;0,929308512;80,38428678;10,48489869
2021-08-22 00:00:00;2470901;0,03661679;6355162;5,055663625;0,938050367;81,16576452;10,36931453
2021-08-23 00:00:00;2673351;0,039616938;8126343;4,908173496;0,926407297;79,39560095;8,926047292
2021-08-24 00:00:00;2681498;0,03973767;8321924;4,832087134;0,925522063;79,26367104;8,763108841
2021-08-25 00:00:00;2688210;0,039837137;8382914;4,854888288;0,925334799;79,36897779;8,826788918
2021-08-26 00:00:00;2699760;0,040008299;8566034;4,796404136;0,924311232;79,44875287;8,820387445
2021-08-27 00:00:00;2714554;0,040227534;8573414;4,867654512;0,923466229;79,57067881;9,028646121
2021-08-28 00:00:00;2582211;0,038266316;7182518;4,690842561;0,933416315;80,60309607;9,907980609
2021-08-29 00:00:00;2453449;0,036358165;5692022;4,6178108;0,94284329;81,19678135;9,581179441
2021-08-30 00:00:00;2661825;0,039446132;7829360;4,775168176;0,927951229;79,50018609;8,686637717
2021-08-31 00:00:00;2655087;0,03934628;7943478;4,719448556;0,92760382;79,42507159;8,560359402
2021-09-01 00:00:00;2817733;0,041756565;9238818;4,65986156;0,92450762;79,16658959;8,475740809
2021-09-02 00:00:00;2879157;0,04266682;8566034;4,796404136;0,924700052;79,26313644;8,820387445
2021-09-03 00:00:00;2891168;0,042844813;8573414;4,867654512;0,920928347;79,15852812;9,028646121
2021-09-04 00:00:00;2719876;0,040306402;8147135;4,785680809;0,925451917;80,23783438;10,07868946
2021-09-05 00:00:00;2431954;0,036039627;6124694;4,848970802;0,939496075;80,72107452;9,997267444
2021-09-06 00:00:00;2628416;0,038951037;6231138;4,845450256;0,916137115;79,40087387;8,813145462
2021-09-07 00:00:00;2465815;0,03654142;5999614;4,801266394;0,941106033;79,47695328;8,70763151
2021-09-08 00:00:00;2697412;0,039973503;8370506;4,763485477;0,923849142;78,94729874;8,662263858
2021-09-09 00:00:00;2687907;0,039832647;8426789;4,813253379;0,924629069;78,74490362;8,850716082
2021-09-10 00:00:00;2708125;0,040132261;8590611;4,937418153;0,922164053;78,93444173;9,154220675
2021-09-11 00:00:00;2439130;0,036145969;7182518;4,690842561;0,934146909;79,95124809;9,907980609
2021-09-12 00:00:00;2453449;0,036358165;5692022;4,6178108;0,94284329;81,24923187;9,581179441
2021-09-13 00:00:00;2687290;0,039823503;8236956;4,855888771;0,923819476;78,72220663;8,831934788
2021-09-14 00:00:00;2698590;0,03999096;8465374;4,786046768;0,924079323;79,05958557;8,680236183
2021-09-15 00:00:00;2695727;0,039948533;8377836;4,764608116;0,924342921;78,95312083;8,66428461
2021-09-16 00:00:00;2680880;0,039728512;8093584;4,76264576;0,926389687;78,84310952;8,759622367
2021-09-17 00:00:00;2710515;0,040167679;8476146;4,871956327;0,92319491;78,7977554;9,036389389
2021-09-18 00:00:00;2570651;0,038095006;6885525;4,879100961;0,929060624;79,64564747;10,24684573
2021-09-19 00:00:00;2436909;0,036113056;5273661;4,955523938;0,936053891;80,70288034;10,18906309
2021-09-20 00:00:00;2697507;0,039974911;8242305;4,839016796;0,925258809;79,11891111;8,801565232
2021-09-21 00:00:00;2737993;0,040574881;8608067;4,681053283;0,923887626;78,98819442;8,491247909
2021-09-22 00:00:00;2687400;0,039825133;7749262;4,771202066;0,918186707;78,94241541;8,676153718
2021-09-23 00:00:00;2707547;0,040123696;8179087;4,824499522;0,925213092;79,34470148;8,87095914
2021-09-24 00:00:00;2726057;0,040397999;8562271;4,959349661;0,921603211;79,24529991;9,193697389
2021-09-25 00:00:00;2605172;0,03860658;7323196;4,876071891;0,930326642;80,46416411;10,2413934
2021-09-26 00:00:00;2489529;0,036892842;6135260;4,903852964;0,939011368;80,92753183;10,09605533
2021-09-27 00:00:00;2693609;0,039917146;7939836;4,888103863;0,924892813;79,40087387;8,889921953
2021-09-28 00:00:00;2696386;0,039958299;8103712;4,814196807;0,925021587;79,47695328;8,730906253
2021-09-29 00:00:00;2683310;0,039764523;8139906;4,65986156;0,921747624;78,94729874;8,475740809
2021-09-30 00:00:00;2895033;0,04290209;8403250;4,741955585;0,916117914;78,74490362;8,722380054
2021-10-01 00:00:00;2924679;0,04334142;8779037;4,877989744;0,922132691;78,93444173;9,047249539
2021-10-02 00:00:00;2826062;0,041879994;7745425;4,785680809;0,92907833;79,95124809;10,07868946
2021-10-03 00:00:00;2732730;0,040496888;6585261;4,848970802;0,937666644;81,24923187;9,997267444
2021-10-04 00:00:00;2930650;0,043429905;8144956;4,845450256;0,9266924;78,72220663;8,813145462
2021-10-05 00:00:00;2903223;0,043023459;8325562;4,801266394;0,92590018;79,05958557;8,70763151
2021-10-06 00:00:00;2917324;0,043232424;8060248;4,763485477;0,924548625;78,92484398;8,662263858
2021-10-07 00:00:00;2923116;0,043318257;8403250;4,741955585;0,923536223;78,36978203;8,722380054
2021-10-08 00:00:00;2942069;0,043599126;8779037;4,877989744;0,921094974;78,72842073;9,047249539
2021-10-09 00:00:00;2641697;0,039147851;7745425;4,785680809;0,929184442;80,25311133;10,07868946
2021-10-10 00:00:00;2514869;0,037268361;6585261;4,848970802;0,941905294;80,63450466;9,997267444
2021-10-11 00:00:00;2664719;0,039489019;8144956;4,845450256;0,930980563;78,74436008;8,813145462
2021-10-12 00:00:00;2566857;0,038038782;8325562;4,801266394;0,939099315;78,8965175;8,70763151
2021-10-13 00:00:00;2727117;0,040413708;8093303;4,710775576;0,923164128;79,32891254;8,567386037
2021-10-14 00:00:00;2719511;0,040300993;7309455;4,939643046;0,922747098;79,34502101;9,078217482
2021-10-15 00:00:00;2743468;0,040656017;8611444;4,924124444;0,921581619;79,30592771;9,130292
2021-10-16 00:00:00;2638651;0,039102712;7569546;4,762394647;0,930417668;80,49590545;10,03677436
2021-10-17 00:00:00;2535330;0,037571577;6585261;4,848970802;0,94084061;81,08414577;9,997267444
2021-10-18 00:00:00;2682628;0,039754416;7704870;5,004825023;0,935710314;79,70547943;9,100020042
2021-10-19 00:00:00;2715552;0,040242324;7926834;4,832344112;0,926634057;79,1364399;8,763571401
2021-10-20 00:00:00;2706586;0,040109455;8025979;4,822339564;0,927899048;79,27542677;8,768201215
2021-10-21 00:00:00;2725912;0,040395851;6438844;4,623625073;0,924703259;79,25470771;8,509385131
2021-10-22 00:00:00;2746612;0,040702608;8515655;4,944539072;0,921589492;79,11985871;9,167038329
2021-10-23 00:00:00;2653925;0,03932906;7464526;4,909004399;0,928254757;80,05750455;10,30067192
2021-10-24 00:00:00;2558844;0,037920036;6199653;4,932881677;0,942096929;81,08414577;10,14830702
2021-10-25 00:00:00;2721677;0,040333091;7946208;4,956542025;0,925985341;78,74436008;9,013110645
2021-10-26 00:00:00;2734572;0,040524185;7551710;4,73314341;0,924600534;78,8965175;8,585010139
2021-10-27 00:00:00;2613270;0,038726586;7829017;4,68107324;0,924798456;79,32891254;8,513921832
2021-10-28 00:00:00;2723116;0,040354416;8009052;4,665865849;0,923536223;79,34502101;8,585418528
2021-10-29 00:00:00;2742069;0,040635285;8245068;4,80104447;0,921094974;79,30592771;8,908748047
2021-10-30 00:00:00;2641697;0,039147851;7417786;4,687022768;0,929184442;80,49590545;9,901104982
2021-10-31 00:00:00;2514869;0,037268361;6219620;4,5203733;0,941905294;81,08414577;9,40579194
2021-11-01 00:00:00;2664719;0,039489019;8053109;4,686970421;0,930980563;79,70547943;8,527881758
2021-11-02 00:00:00;2566857;0,038038782;6213341;4,728657217;0,939099315;79,1364399;8,576934991
2021-11-03 00:00:00;2727117;0,040413708;8093303;4,710775576;0,923164128;79,27542677;8,567386037
2021-11-04 00:00:00;2719511;0,040300993;7309455;4,939643046;0,922747098;79,25470771;9,078217482
2021-11-05 00:00:00;2743468;0,040656017;8779037;4,877989744;0,921581619;79,11985871;9,047249539
2021-11-06 00:00:00;2638651;0,039102712;7745425;4,785680809;0,930417668;80,05750455;10,07868946
2021-11-07 00:00:00;2535330;0,037571577;6585261;4,848970802;0,94084061;81,11232753;9,997267444
2021-11-08 00:00:00;2682628;0,039754416;8144956;4,845450256;0,935710314;79,0084763;8,813145462
2021-11-09 00:00:00;2715552;0,040242324;8325562;4,801266394;0,926634057;79,16124138;8,70763151
2021-11-10 00:00:00;2706586;0,040109455;8060248;4,763485477;0,927899048;79,01062743;8,662263858
2021-11-11 00:00:00;2725912;0,040395851;8403250;4,741955585;0,924703259;78,82394624;8,722380054
2021-11-12 00:00:00;2759183;0,0408889;8779037;4,877989744;0,91997285;79,34094514;9,047249539
2021-11-13 00:00:00;2675796;0,039653171;7745425;4,785680809;0,927019554;79,95124809;10,07868946
2021-11-14 00:00:00;2594974;0,038455453;6585261;4,848970802;0,935116201;81,24923187;9,997267444
2021-11-15 00:00:00;2757198;0,040859484;8144956;4,845450256;0,923581552;78,72220663;8,813145462
2021-11-16 00:00:00;2759378;0,04089179;8325562;4,801266394;0,92409786;79,05958557;8,70763151
2021-11-17 00:00:00;2755820;0,040839063;8412703;4,700456174;0,925010759;78,95312083;8,548811112
2021-11-18 00:00:00;2748449;0,040729831;8338704;4,844614172;0,91948174;78,84310952;8,90716551
2021-11-19 00:00:00;2741526;0,040627238;8732927;4,989877175;0,915311178;78,7977554;9,248646915
2021-11-20 00:00:00;2683434;0,03976636;7484449;5,011352608;0,922232308;79,64564747;10,48489869
2021-11-21 00:00:00;2620777;0,038837833;6355162;5,055663625;0,931601122;80,06298411;10,36931453
2021-11-22 00:00:00;2630087;0,0389758;8185141;4,760250985;0,916069002;79,11270565;8,659786774
2021-11-23 00:00:00;2759378;0,04089179;7983646;4,691122805;0,92409786;79,47695328;8,509373048
2021-11-24 00:00:00;2755820;0,040839063;8084099;4,672723255;0,924798456;78,94729874;8,498891859
2021-11-25 00:00:00;2707838;0,040128008;8403250;4,741955585;0,905510033;78,74490362;8,722380054
2021-11-26 00:00:00;2707292;0,040119917;8779037;4,877989744;0,911640272;78,93444173;9,047249539
2021-11-27 00:00:00;2673563;0,03962008;7745425;4,785680809;0,930575173;79,95124809;10,07868946
2021-11-28 00:00:00;2580164;0,038235981;6585261;4,848970802;0,939011035;81,24923187;9,997267444
2021-11-29 00:00:00;2736148;0,04054754;8144956;4,845450256;0,924155541;78,72220663;8,813145462
2021-11-30 00:00:00;2731740;0,040482217;8325562;4,801266394;0,924432562;79,05958557;8,70763151
2021-12-01 00:00:00;2734634;0,040525104;8093303;4,710775576;0,92348337;78,92484398;8,567386037
2021-12-02 00:00:00;2802243;0,041527015;7309455;4,939643046;0,930829712;78,36978203;9,078217482
2021-12-03 00:00:00;2759183;0,0408889;8245068;4,80104447;0,91997285;78,72842073;8,908748047
2021-12-04 00:00:00;2675796;0,039653171;7271206;4,687179229;0,927019554;80,25311133;9,901386613
2021-12-05 00:00:00;2594974;0,038455453;6139367;4,666656942;0,935116201;80,70288034;9,669102495
2021-12-06 00:00:00;2757198;0,040859484;8144956;4,845450256;0,923581552;79,11891111;8,813145462
2021-12-07 00:00:00;2759378;0,04089179;7704870;5,004825023;0,92409786;78,98819442;9,074037042
2021-12-08 00:00:00;2755820;0,040839063;7926834;4,832344112;0,925010759;78,94241541;8,786209401
2021-12-09 00:00:00;2748449;0,040729831;8025979;4,822339564;0,91948174;79,34470148;8,867071215
2021-12-10 00:00:00;2741526;0,040627238;6438844;4,623625073;0,915311178;79,24529991;8,589393131
2021-12-11 00:00:00;2683434;0,03976636;8515655;4,944539072;0,922232308;80,46416411;10,36463433
2021-12-12 00:00:00;2620777;0,038837833;7464526;4,909004399;0,931601122;80,92753183;10,10532792
2021-12-13 00:00:00;2630087;0,0389758;6199653;4,932881677;0,916069002;78,74436008;8,970522018
2021-12-14 00:00:00;2759378;0,04089179;7946208;4,956542025;0,92409786;78,8965175;8,987127645
2021-12-15 00:00:00;2755820;0,040839063;8237089;4,863272511;0,917236021;79,32891254;8,84188052
2021-12-16 00:00:00;2707838;0,040128008;8403250;4,741955585;0,905510033;79,34502101;8,722380054
2021-12-17 00:00:00;2746708;0,040704031;8779037;4,877989744;0,917632265;79,30592771;9,047249539
2021-12-18 00:00:00;2370933;0,035135344;7745425;4,785680809;0,919972038;80,49590545;10,07868946
2021-12-19 00:00:00;2609449;0,038669961;6585261;4,848970802;0,934363493;81,08414577;9,997267444
2021-12-20 00:00:00;2746403;0,040699511;8144956;4,845450256;0,917516672;79,70547943;8,813145462
2021-12-21 00:00:00;2763158;0,040947807;8325562;4,801266394;0,9187591;79,1364399;8,70763151
2021-12-22 00:00:00;2663306;0,039468079;8412703;4,700456174;0,922633167;79,27542677;8,548811112
2021-12-23 00:00:00;2627991;0,038944739;8338704;4,844614172;0,908630133;79,25470771;8,90716551
2021-12-24 00:00:00;2696354;0,039957825;8732927;4,989877175;0,931449335;79,11985871;9,248646915
2021-12-25 00:00:00;2515476;0,037277356;7484449;5,011352608;0,942964789;80,05750455;10,48489869
2021-12-26 00:00:00;2557784;0,037904327;6025477;4,722917353;0,936628253;81,11232753;9,770371235
2021-12-27 00:00:00;2708087;0,040131698;8266214;4,726098903;0,923461749;79,0084763;8,598313026
2021-12-28 00:00:00;2710445;0,040166642;7975918;4,70367323;0,918934601;79,16124138;8,531963815
2021-12-29 00:00:00;2696138;0,039954624;8139906;4,65986156;0,918771977;79,01062743;8,475740809
2021-12-30 00:00:00;2715515;0,040241775;8403250;4,741955585;0,923976712;78,82394624;8,722380054
2021-12-31 00:00:00;2611774;0,038704416;8245068;4,80104447;0,933442367;79,34094514;8,908748047
2022-01-01 00:00:00;2439633;0,036153423;7271206;4,687179229;0,945836472;79,95124809;9,901386613
2022-01-02 00:00:00;2487697;0,036865694;5987352;4,666656942;0,941080783;81,24923187;9,669102495
2022-01-03 00:00:00;2423822;0,035919117;8144956;4,845450256;0,922509944;78,72220663;8,813145462
2022-01-04 00:00:00;2679848;0,039713219;8325562;4,801266394;0,917933071;79,05958557;8,70763151
2022-01-05 00:00:00;2632699;0,039014508;8060248;4,763485477;0,917236021;78,92484398;8,662263858
2022-01-06 00:00:00;2645218;0,03920003;8403250;4,741955585;0,909238379;77,55278203;8,722380054
2022-01-07 00:00:00;2718375;0,040284158;8979037;4,877989744;0,927247097;78,72842073;9,047249539
2022-01-08 00:00:00;2647619;0,039235611;7745425;4,785680809;0,935945211;80,25311133;10,07868946
2022-01-09 00:00:00;2557603;0,037901645;6585261;4,848970802;0,941818827;81,08414577;9,997267444
2022-01-10 00:00:00;2725131;0,040384277;8144956;4,845450256;0,926497415;78,74436008;8,813145462
2022-01-11 00:00:00;2721166;0,040325519;8325562;4,801266394;0,928229779;78,8965175;8,70763151
2022-01-12 00:00:00;2740424;0,040610907;8093303;4,710775576;0,928260203;79,32891254;8,567386037
2022-01-13 00:00:00;2735045;0,040531194;7309455;4,939643046;0,928603925;79,34502101;9,078217482
2022-01-14 00:00:00;2722252;0,040341612;8245068;4,80104447;0,924070429;79,30592771;8,908748047
2022-01-15 00:00:00;2648657;0,039250993;7271206;4,687179229;0,930438824;80,49590545;9,901386613
2022-01-16 00:00:00;2563382;0,037987285;5938388;4,666656942;0,939456319;81,08414577;9,669102495
2022-01-17 00:00:00;2708087;0,040131698;8185141;4,760250985;0,923461749;79,70547943;8,659786774
2022-01-18 00:00:00;2710445;0,040166642;7983646;4,691122805;0,918934601;79,1364399;8,509373048
2022-01-19 00:00:00;2696138;0,039954624;8084099;4,672723255;0,918771977;79,27542677;8,498891859
2022-01-20 00:00:00;2715515;0,040241775;8403250;4,741955585;0,923976712;79,25470771;8,722380054
2022-01-21 00:00:00;2611774;0,038704416;8779037;4,877989744;0,933442367;79,11985871;9,047249539
2022-01-22 00:00:00;2439633;0,036153423;7745425;4,785680809;0,945836472;80,05750455;10,07868946
2022-01-23 00:00:00;2487697;0,036865694;6585261;4,848970802;0,941080783;81,11232753;9,997267444
2022-01-24 00:00:00;2423822;0,035919117;8144956;4,845450256;0,922509944;79,0084763;8,813145462
2022-01-25 00:00:00;2679848;0,039713219;8325562;4,801266394;0,917933071;79,16124138;8,70763151
2022-01-26 00:00:00;2632699;0,039014508;8060248;4,763485477;0,917236021;79,01062743;8,662263858
2022-01-27 00:00:00;2645218;0,03920003;8462383;4,790010622;0,913238379;78,82394624;8,80887912
2022-01-28 00:00:00;2718375;0,040284158;8611444;4,924124444;0,927247097;79,34094514;9,130292
2022-01-29 00:00:00;2647619;0,039235611;7569546;4,762394647;0,935945211;80,25311133;10,03677436
2022-01-30 00:00:00;2557603;0,037901645;5979342;4,666656942;0,941818827;80,70288034;9,669102495
2022-01-31 00:00:00;2725131;0,040384277;8185141;4,760250985;0,926497415;79,11891111;8,659786774
2022-02-01 00:00:00;2782792;0,041238767;7983646;4,691122805;0,926727783;78,98819442;8,509373048
2022-02-02 00:00:00;2740424;0,040610907;8084099;4,672723255;0,928260203;78,94241541;8,498891859
2022-02-03 00:00:00;2645218;0,03920003;6438844;4,623625073;0,909238379;79,34470148;8,509385131
2022-02-04 00:00:00;2804262;0,041556935;8875054;4,877989744;0,922175084;79,24529991;9,047249539
2022-02-05 00:00:00;2647619;0,039235611;7745425;4,785680809;0,935945211;80,46416411;10,07868946
2022-02-06 00:00:00;2557603;0,037901645;6585261;4,848970802;0,941818827;80,92753183;9,997267444
2022-02-07 00:00:00;2725131;0,040384277;8208404;4,777227895;0,926497415;79,11270565;8,690345211
2022-02-08 00:00:00;2721166;0,040325519;8263905;4,729763178;0,928229779;79,47695328;8,57892572
2022-02-09 00:00:00;2740424;0,040610907;8321651;4,832772389;0,928260203;78,94729874;8,786980299
2022-02-10 00:00:00;2735045;0,040531194;8462383;4,790010622;0,928603925;78,74490362;8,80887912
2022-02-11 00:00:00;2809225;0,041630483;8611444;4,924124444;0,922227675;78,93444173;9,130292
2022-02-12 00:00:00;2647619;0,039235611;7569546;4,762394647;0,935945211;79,95124809;10,03677436
2022-02-13 00:00:00;2557603;0,037901645;5938388;4,666656942;0,941818827;81,24923187;9,669102495
2022-02-14 00:00:00;2804339;0,041558076;7704870;5,004825023;0,924510024;78,72220663;9,100020042
2022-02-15 00:00:00;2710445;0,040166642;7926834;4,832344112;0,936522414;79,05958557;8,763571401
2022-02-16 00:00:00;2696138;0,039954624;8025979;4,822339564;0,931663471;78,92484398;8,768201215
2022-02-17 00:00:00;2715515;0,040241775;6438844;4,623625073;0,92416644;77,86978203;8,509385131
2022-02-18 00:00:00;2611774;0,038704416;8515655;4,944539072;0,923753808;78,72842073;9,167038329
2022-02-19 00:00:00;2439633;0,036153423;7464526;4,909004399;0,92900901;80,25311133;10,30067192
2022-02-20 00:00:00;2487697;0,036865694;6199653;4,932881677;0,936262847;81,24923187;10,14830702
2022-02-21 00:00:00;2423822;0,035919117;7946208;4,956542025;0,914745389;78,72220663;9,013110645
2022-02-22 00:00:00;2679848;0,039713219;8237089;4,863272511;0,91872231;79,05958557;8,81924252
2022-02-23 00:00:00;2632699;0,039014508;8139906;4,65986156;0,916469941;78,94241541;8,475740809
2022-02-24 00:00:00;2645218;0,03920003;8403250;4,741955585;0,908607604;79,34470148;8,722380054
2022-02-25 00:00:00;2718375;0,040284158;8779037;4,877989744;0,916435982;79,24529991;9,047249539
2022-02-26 00:00:00;2647619;0,039235611;7745425;4,785680809;0,925855188;79,95124809;10,07868946
2022-02-27 00:00:00;2557603;0,037901645;6585261;4,848970802;0,93401046;80,72107452;9,997267444
2022-02-28 00:00:00;2725131;0,040384277;8144956;4,845450256;0,921435145;79,40087387;8,813145462
2022-03-01 00:00:00;2710445;0,040166642;8325562;4,801266394;0,936522414;79,47695328;8,70763151
2022-03-02 00:00:00;2696138;0,039954624;8060248;4,763485477;0,931663471;78,94729874;8,662263858
2022-03-03 00:00:00;2715515;0,040241775;8403250;4,741955585;0,92416644;78,74490362;8,722380054
2022-03-04 00:00:00;2611774;0,038704416;8895645;4,877989744;0,923753808;78,93444173;9,047249539
2022-03-05 00:00:00;2439633;0,036153423;7745425;4,785680809;0,92900901;79,95124809;10,07868946
2022-03-06 00:00:00;2487697;0,036865694;6585261;4,848970802;0,936262847;81,24923187;9,997267444
2022-03-07 00:00:00;2423822;0,035919117;8144956;4,845450256;0,914745389;78,72220663;8,813145462
2022-03-08 00:00:00;2679848;0,039713219;8325562;4,801266394;0,91872231;79,05958557;8,70763151
2022-03-09 00:00:00;2632699;0,039014508;7829017;4,68107324;0,916469941;78,92484398;8,513921832
2022-03-10 00:00:00;2645218;0,03920003;8009052;4,665865849;0,913607604;78,36978203;8,585418528
2022-03-11 00:00:00;2718375;0,040284158;8245068;4,80104447;0,916435982;78,72842073;8,908748047
2022-03-12 00:00:00;2647619;0,039235611;7271206;4,687179229;0,925855188;80,25311133;9,901386613
2022-03-13 00:00:00;2557603;0,037901645;5938388;4,666656942;0,93401046;80,70288034;9,669102495
2022-03-14 00:00:00;2725131;0,040384277;8185141;4,760250985;0,921435145;79,11891111;8,659786774
2022-03-15 00:00:00;2819297;0,041779742;7983646;4,691122805;0,923113271;78,98819442;8,509373048
2022-03-16 00:00:00;2834000;0,041997629;8084099;4,672723255;0,922496509;78,94241541;8,498891859
2022-03-17 00:00:00;2830043;0,041938989;8403250;4,741955585;0,922437832;79,34470148;8,722380054
2022-03-18 00:00:00;2839279;0,04207586;8844323;4,877989744;0,918237997;79,24529991;9,047249539
2022-03-19 00:00:00;2742448;0,040640901;7745425;4,785680809;0,927518846;80,46416411;10,07868946
2022-03-20 00:00:00;2677598;0,039679876;6025477;4,722917353;0,939203051;80,92753183;9,770371235
2022-03-21 00:00:00;2820044;0,041790812;8266214;4,726098903;0,924595566;79,40087387;8,598313026
2022-03-22 00:00:00;2819297;0,041779742;7975918;4,70367323;0,923975126;79,47695328;8,531963815
2022-03-23 00:00:00;2752747;0,040793524;8139906;4,65986156;0,923676564;78,94729874;8,475740809
2022-03-24 00:00:00;2534953;0,03756599;8403250;4,741955585;0,920839588;78,74490362;8,722380054
2022-03-25 00:00:00;2834279;0,042001763;8779037;4,877989744;0,918103782;78,93444173;9,047249539
2022-03-26 00:00:00;2538716;0,037621755;7745425;4,785680809;0,92019886;79,95124809;10,07868946
2022-03-27 00:00:00;2670860;0,039580024;6585261;4,848970802;0,938546957;81,24923187;9,997267444
2022-03-28 00:00:00;2815340;0,041721103;8144956;4,845450256;0,924640504;78,72220663;8,813145462
2022-03-29 00:00:00;2808966;0,041626645;8325562;4,801266394;0,926386407;79,05958557;8,70763151
2022-03-30 00:00:00;2813197;0,041689345;7829017;4,68107324;0,921974921;78,94729874;8,513921832
2022-03-31 00:00:00;2819321;0,041780098;8009052;4,665865849;0,92239684;78,74490362;8,585418528
2022-04-01 00:00:00;2835101;0,042013945;8245068;4,80104447;0,922923533;78,93444173;8,908748047
2022-04-02 00:00:00;2742448;0,040640901;7271206;4,687179229;0,92019886;79,95124809;9,901386613
2022-04-03 00:00:00;2677598;0,039679876;6001589;4,666656942;0,938546957;80,06298411;9,669102495
2022-04-04 00:00:00;2820044;0,041790812;8144956;4,845450256;0,924640504;78,74436008;8,813145462
2022-04-05 00:00:00;2819297;0,041779742;7704870;5,004825023;0,926386407;78,8965175;9,074037042
2022-04-06 00:00:00;2752747;0,040793524;7926834;4,832344112;0,921974921;79,32891254;8,786209401
2022-04-07 00:00:00;2534953;0,03756599;8025979;4,822339564;0,92239684;79,34502101;8,867071215
2022-04-08 00:00:00;2834279;0,042001763;6438844;4,623625073;0,922923533;79,30592771;8,589393131
2022-04-09 00:00:00;2538716;0,037621755;8515655;4,944539072;0,929108406;80,49590545;10,36463433
2022-04-10 00:00:00;2670860;0,039580024;7464526;4,909004399;0,937469833;81,08414577;10,10532792
2022-04-11 00:00:00;2839245;0,042075356;6199653;4,932881677;0,919737207;79,70547943;8,970522018
2022-04-12 00:00:00;2839127;0,042073607;7946208;4,956542025;0,918400014;79,1364399;8,987127645
2022-04-13 00:00:00;2851790;0,042261263;8237089;4,863272511;0,919492994;78,95312083;8,84188052
2022-04-14 00:00:00;2852096;0,042265797;8403250;4,741955585;0,920184806;78,84310952;8,722380054
2022-04-15 00:00:00;2691516;0,039886129;8845001;4,877989744;0,938106944;78,7977554;9,047249539
2022-04-16 00:00:00;2726738;0,040408091;7745425;4,785680809;0,929108406;79,64564747;10,07868946
2022-04-17 00:00:00;2687087;0,039820495;6585261;4,848970802;0,937469833;80,06298411;9,997267444
2022-04-18 00:00:00;2833797;0,041994621;8144956;4,845450256;0,921637045;79,11270565;8,813145462
2022-04-19 00:00:00;2835941;0,042026393;8325562;4,801266394;0,921094748;79,16124138;8,70763151
2022-04-20 00:00:00;2837334;0,042047036;8139906;4,65986156;0,90928469;79,01062743;8,475740809
2022-04-21 00:00:00;2703246;0,040059959;8403250;4,741955585;0,927045946;78,82394624;8,722380054
2022-04-22 00:00:00;2766953;0,041004046;8779037;4,877989744;0,917683115;79,34094514;9,047249539
2022-04-23 00:00:00;2566763;0,038037389;7745425;4,785680809;0,926959193;80,49590545;10,07868946
2022-04-24 00:00:00;2687087;0,039820495;6025477;4,722917353;0,927469833;80,72107452;9,770371235
2022-04-25 00:00:00;2284003;0,03384711;8266214;4,726098903;0,904332021;79,40087387;8,598313026
2022-04-26 00:00:00;2841034;0,042101867;7975918;4,70367323;0,911369504;79,47695328;8,531963815
2022-04-27 00:00:00;2844715;0,042156417;8139906;4,65986156;0,912889501;78,94729874;8,475740809
2022-04-28 00:00:00;2845562;0,042168969;8403250;4,741955585;0,910749461;78,74490362;8,722380054
2022-04-29 00:00:00;2854693;0,042304283;8856745;4,877989744;0,90916472;78,93444173;9,047249539
2022-04-30 00:00:00;2739164;0,040592235;7745425;4,785680809;0,923232408;79,95124809;10,07868946
2022-05-01 00:00:00;2687087;0,039820495;6585261;4,848970802;0,937469833;81,24923187;9,997267444
2022-05-02 00:00:00;2284003;0,03384711;8144956;4,845450256;0,909332021;78,72220663;8,813145462
2022-05-03 00:00:00;2841034;0,042101867;8325562;4,801266394;0,921369504;79,05958557;8,70763151
2022-05-04 00:00:00;2844715;0,042156417;8412703;4,700456174;0,922889501;78,92484398;8,548811112
2022-05-05 00:00:00;2845562;0,042168969;8338704;4,844614172;0,920749461;77,59978203;8,90716551
2022-05-06 00:00:00;2854693;0,042304283;8732927;4,989877175;0,91916472;78,72842073;9,248646915
2022-05-07 00:00:00;2739164;0,040592235;7484449;5,011352608;0,933232408;80,25311133;10,48489869
2022-05-08 00:00:00;2613742;0,03873358;6355162;5,055663625;0,931860719;80,70288034;10,36931453
2022-05-09 00:00:00;2284003;0,03384711;8185141;4,760250985;0,914332021;79,11891111;8,659786774
2022-05-10 00:00:00;2859128;0,042370006;7983646;4,691122805;0,921260721;78,98819442;8,509373048
2022-05-11 00:00:00;2868269;0,042505468;8084099;4,672723255;0,921316055;78,94241541;8,498891859
2022-05-12 00:00:00;2863680;0,042437463;8403250;4,741955585;0,921801147;79,34470148;8,722380054
2022-05-13 00:00:00;2867456;0,04249342;8779037;4,877989744;0,918510372;79,24529991;9,047249539
2022-05-14 00:00:00;2755559;0,040835196;7745425;4,785680809;0,925385514;80,46416411;10,07868946
2022-05-15 00:00:00;2613742;0,03873358;6585261;4,848970802;0,931860719;80,92753183;9,997267444
2022-05-16 00:00:00;2854926;0,042307736;8144956;4,845450256;0,924362033;79,40087387;8,813145462
2022-05-17 00:00:00;2851181;0,042252238;7551710;4,73314341;0,922438981;79,47695328;8,585010139
2022-05-18 00:00:00;2852646;0,042273948;7829017;4,68107324;0,92226836;78,94729874;8,513921832
2022-05-19 00:00:00;2858108;0,04235489;8009052;4,665865849;0,921823312;78,74490362;8,585418528
2022-05-20 00:00:00;2871730;0,042556758;8245068;4,80104447;0,920660193;78,93444173;8,908748047
2022-05-21 00:00:00;2777984;0,041167516;7417786;4,687022768;0,928795794;79,95124809;9,901104982
2022-05-22 00:00:00;2697175;0,039969991;6219620;4,5203733;0,938399823;81,24923187;9,40579194
2022-05-23 00:00:00;2854926;0,042307736;8053109;4,686970421;0,924362033;78,72220663;8,527881758
2022-05-24 00:00:00;2851181;0,042252238;6213341;4,728657217;0,922438981;79,05958557;8,576934991
2022-05-25 00:00:00;2852646;0,042273948;8093303;4,710775576;0,92226836;78,95312083;8,567386037
2022-05-26 00:00:00;2858108;0,04235489;7309455;4,939643046;0,921823312;78,84310952;9,078217482
2022-05-27 00:00:00;2871730;0,042556758;8611444;4,924124444;0,918660193;78,7977554;9,130292
2022-05-28 00:00:00;2777760;0,041164197;7569546;4,762394647;0,928268155;79,64564747;10,03677436
2022-05-29 00:00:00;2694905;0,039936352;6219620;4,5203733;0,936524389;80,06298411;9,40579194
2022-05-30 00:00:00;2854593;0,042302801;7704870;5,004825023;0,923272703;79,11270565;9,100020042
2022-05-31 00:00:00;2853219;0,042282439;7926834;4,832344112;0,923389775;79,47695328;8,763571401
2022-06-01 00:00:00;2863843;0,042439878;8025979;4,822339564;0,922601888;79,58729874;8,768201215
2022-06-02 00:00:00;2867271;0,042490679;6438844;4,623625073;0,920786085;78,74490362;8,509385131
2022-06-03 00:00:00;2877221;0,04263813;8515655;4,944539072;0,922271604;78,93444173;9,167038329
2022-06-04 00:00:00;2783795;0,041253631;7464526;4,909004399;0,93153987;79,95124809;10,30067192
2022-06-05 00:00:00;2709174;0,040147807;6199653;4,932881677;0,938200304;81,24923187;10,14830702
2022-06-06 00:00:00;2874914;0,042603942;7946208;4,956542025;0,920668636;78,72220663;9,013110645
2022-06-07 00:00:00;2788235;0,041319428;8412703;4,700456174;0,911908593;79,05958557;8,526173112
2022-06-08 00:00:00;2889498;0,042820065;8338704;4,844614172;0,920830016;78,92484398;8,80829551
2022-06-09 00:00:00;3095425;0,04587174;8732927;4,989877175;0,921185028;78,36978203;9,168638915
2022-06-10 00:00:00;3082626;0,045682069;7484449;5,011352608;0,918855735;78,72842073;9,287302694
2022-06-11 00:00:00;3065361;0,045426215;6355162;5,055663625;0,929724239;80,25311133;10,56465853
2022-06-12 00:00:00;2919466;0,043264167;6025477;4,722917353;0,938723068;80,70288034;9,770371235
2022-06-13 00:00:00;3093463;0,045842664;8266214;4,726098903;0,921470255;79,11891111;8,598313026
2022-06-14 00:00:00;2869857;0,042529001;7975918;4,70367323;0,909580664;78,98819442;8,531963815
2022-06-15 00:00:00;2997765;0,044424496;8139906;4,65986156;0,919707252;78,94241541;8,475740809
2022-06-16 00:00:00;2837066;0,042043065;8403250;4,741955585;0,937896783;79,34470148;8,722380054
2022-06-17 00:00:00;2944089;0,04362906;8245068;4,80104447;0,925654664;79,24529991;8,908748047
2022-06-18 00:00:00;2743840;0,040661529;7271206;4,687179229;0,932362221;80,46416411;9,901386613
2022-06-19 00:00:00;2603089;0,038575711;5978546;4,666656942;0,943864446;80,92753183;9,669102495
2022-06-20 00:00:00;2978277;0,044135699;8208404;4,777227895;0,922715936;79,11270565;8,690345211
2022-06-21 00:00:00;2997951;0,044427253;8263905;4,729763178;0,922267957;79,47695328;8,57892572
2022-06-22 00:00:00;2975668;0,044097036;8321651;4,832772389;0,922263687;78,94729874;8,786980299
2022-06-23 00:00:00;2905422;0,043056046;8462383;4,790010622;0,920903291;78,74490362;8,80887912
2022-06-24 00:00:00;2927907;0,043389256;8611444;4,924124444;0,919444362;78,93444173;9,130292
2022-06-25 00:00:00;2814364;0,041706639;7569546;4,762394647;0,929383726;79,95124809;10,03677436
2022-06-26 00:00:00;2620179;0,038828972;5938388;4,666656942;0,943155735;80,70288034;9,669102495
2022-06-27 00:00:00;2920931;0,043285877;7704870;5,004825023;0,925388451;79,11891111;9,100020042
2022-06-28 00:00:00;2952611;0,04375535;7926834;4,832344112;0,922804374;78,98819442;8,763571401
2022-06-29 00:00:00;3014434;0,044671517;8025979;4,822339564;0,921838251;78,94241541;8,768201215
2022-06-30 00:00:00;3040222;0,045053675;6438844;4,623625073;0,921900663;79,34470148;8,509385131
