middle_date,number_unique_users,no_real_movements,jl_simple_means_over_user_means,graph_modularity,rel_tweets_in_residential_areas,mean_rog
2020-04-06,,,,,,
2020-04-07,,,,,,
2020-04-08,,,,,,
2020-04-09,,,,,,
2020-04-10,,,,,,
2020-04-11,,,,,,
2020-04-12,,,,,,
2020-04-13,,,,,,
2020-04-14,,,,,,
2020-04-15,,,,,,
2020-04-16,,,,,,
2020-04-17,,,,,,
2020-04-18,,,,,,
2020-04-19,,,,,,
2020-04-20,0.06395348837209293,0.67816091954023,0.7581480467245779,,0.813748586505842,0.8591178754604194
2020-04-21,0.04651162790697657,0.7241379310344827,0.8121445972330712,,0.7820863173765544,0.8736775349312241
2020-04-22,0.02034883720930232,0.67816091954023,0.8707428027476911,,0.7900018846588766,0.9309584671062594
2020-04-23,0.026162790697674247,0.6666666666666667,0.8670424591520086,,0.7952789295137578,0.9414085500206061
2020-04-24,0.011627906976744143,0.7011494252873562,0.8645152291909841,,0.7900018846588771,0.9275497512980464
2020-04-25,0.0,0.7126436781609194,0.8088577051447872,,0.8190256313607233,0.9021209545840638
2020-04-26,0.04069767441860464,0.7011494252873562,0.8083143066809836,,0.8005559743686396,0.8866148169172448
2020-04-27,0.04941860465116282,0.7126436781609194,0.8304671729130774,0.5195434487001842,0.7926404070863174,0.8834036583854986
2020-04-28,0.03779069767441868,0.7126436781609194,0.8495145130215656,0.4462543042830848,0.7847248398039953,0.8986973324676709
2020-04-29,0.04360465116279061,0.6666666666666667,0.781700674443469,0.40553811294025205,0.7979174519411987,0.8468936575775055
2020-04-30,0.0668604651162789,0.6551724137931032,0.715852310740158,0.38892590687237566,0.8443271767810022,0.7724020349887966
2020-05-01,0.09593023255813939,0.6436781609195401,0.693367997353323,,0.8865435356200534,0.7287326917125064
2020-05-02,0.10755813953488354,0.5977011494252874,0.6717782618317433,,0.9155672823218997,0.6450669984121957
2020-05-03,0.09883720930232565,0.6321839080459769,0.6998854515226335,,0.9498680738786281,0.665901692468163
2020-05-04,0.12209302325581393,0.5747126436781608,0.6626425315571677,,0.9208443271767814,0.6119753879470062
2020-05-05,0.14825581395348816,0.5517241379310344,0.6286684272699402,,0.9577836411609498,0.5921539129728473
2020-05-06,0.1395348837209303,0.5287356321839081,0.6086953451243748,,0.9736147757255932,0.5602516226812874
2020-05-07,0.15116279069767444,0.43678160919540215,0.5981345336488495,,0.9815303430079153,0.5319249238406464
2020-05-08,0.15116279069767444,0.40229885057471265,0.5079868022161919,,0.9604221635883907,0.49559147826335814
2020-05-09,0.16279069767441856,0.43678160919540215,0.48987226909879106,,0.9340369393139839,0.487806930194108
2020-05-10,0.1686046511627905,0.425287356321839,0.5005375306939148,,0.8918205804749337,0.4874745272497513
2020-05-11,0.18895348837209283,0.40229885057471265,0.4615171641926986,,0.8707124010554091,0.4367157518352267
2020-05-12,0.197674418604651,0.40229885057471265,0.42873664058070926,,0.9261213720316617,0.39835068948934166
2020-05-13,0.22383720930232553,0.35632183908045967,0.4081594011696463,,0.9313984168865435,0.3686147390164523
2020-05-14,0.22965116279069747,0.3103448275862068,0.3972818898941789,,0.9208443271767809,0.3472995007846329
2020-05-15,0.2267441860465115,0.22988505747126425,0.37366887429515633,,0.931398416886543,0.3415977319827566
2020-05-16,0.21220930232558138,0.21839080459770108,0.3248301338668252,,0.9340369393139839,0.2936455028286491
2020-05-17,0.23255813953488372,0.1839080459770114,0.33311562365050446,,0.9050131926121371,0.28457225637224776
2020-05-18,0.27325581395348836,0.19540229885057459,0.3090664059771594,,0.8944591029023745,0.2674075610760581
2020-05-19,0.3052325581395348,0.16091954022988506,0.2560485678378053,,0.8812664907651716,0.2569718155846279
2020-05-20,0.3197674418604649,0.10344827586206888,0.16143923246505507,,0.8918205804749337,0.15712589364304186
2020-05-21,0.3197674418604649,0.06896551724137921,0.18968171114486043,,0.8944591029023745,0.18112206595853805
2020-05-22,0.3372093023255813,0.04597701149425285,0.1945637005714087,,0.9050131926121371,0.2252435152054609
2020-05-23,0.35465116279069764,0.05747126436781603,0.2591187787560484,,0.8707124010554091,0.28479502431168136
2020-05-24,0.3372093023255813,0.05747126436781603,0.2550850160977804,,0.8390501319261214,0.2971974498154583
2020-05-25,0.3662790697674418,0.06896551724137921,0.23207537592307118,,0.8100263852242742,0.28973122192596207
2020-05-26,0.38372093023255816,0.17241379310344823,0.2835147961555653,,0.8205804749340373,0.34624716635199565
2020-05-27,0.38372093023255816,0.21839080459770108,0.3341310200965113,,0.7889182058047491,0.3607695004122166
2020-05-28,0.38372093023255816,0.19540229885057459,0.35936174979160435,,0.7546174142480211,0.3316723923631525
2020-05-29,0.3866279069767441,0.2643678160919539,0.37495130363843243,,0.7335092348284961,0.3674049670198597
2020-05-30,0.42151162790697655,0.2643678160919539,0.35315094366809213,,0.7071240105540897,0.3608860659740053
2020-05-31,0.45058139534883734,0.24137931034482757,0.29132542039084625,,0.6675461741424804,0.33657886803582077
2020-06-01,0.45058139534883734,0.2643678160919539,0.32623276857851935,,0.6912928759894459,0.3516550180114675
2020-06-02,0.430232558139535,0.2758620689655171,0.3572652697185243,,0.6728232189973616,0.37949614108258545
2020-06-03,0.42151162790697655,0.2758620689655171,0.4149634279483255,,0.654353562005277,0.43250678660021286
2020-06-04,0.430232558139535,0.2988505747126436,0.4092871699928074,,0.6437994722955144,0.44448930092832095
2020-06-05,0.4360465116279069,0.3103448275862068,0.4301663609558524,,0.6517150395778366,0.4437202947002906
2020-06-06,0.4360465116279069,0.3103448275862068,0.4503159524592232,,0.6385224274406331,0.4435361926177723
2020-06-07,0.4476744186046508,0.35632183908045967,0.4966492693790605,,0.6490765171503957,0.4812454948508175
2020-06-08,0.4360465116279069,0.367816091954023,0.49310966016622276,,0.6490765171503957,0.5299815996960756
2020-06-09,0.46220930232558116,0.28735632183908044,0.48436711108764563,,0.6042216358839051,0.5149473347378398
2020-06-10,0.4360465116279069,0.3103448275862068,0.5654332311240017,,0.6094986807387864,0.5822090925879921
2020-06-11,0.4273255813953485,0.2988505747126436,0.5392581381489068,,0.6306068601583115,0.5762247658701224
2020-06-12,0.4563953488372092,0.35632183908045967,0.5474428200872605,,0.6200527704485489,0.5556725231917778
2020-06-13,0.46511627906976716,0.367816091954023,0.5453947985354657,,0.6385224274406331,0.5744435297475696
2020-06-14,0.4476744186046508,0.367816091954023,0.5498688011295575,,0.6332453825857524,0.5625550829872014
2020-06-15,0.4476744186046508,0.35632183908045967,0.5504969742348549,,0.6490765171503957,0.5518538140815238
2020-06-16,0.4360465116279069,0.2988505747126436,0.5130810063911835,,0.6833773087071237,0.5183252223041414
2020-06-17,0.4360465116279069,0.34482758620689646,0.5245958954533312,,0.6807387862796833,0.5095983578770258
2020-06-18,0.4156976744186046,0.35632183908045967,0.48250093022019286,,0.6675461741424804,0.48672900780939155
2020-06-19,0.4098837209302327,0.37931034482758613,0.44795931077659107,,0.7018469656992083,0.4577928747400853
2020-06-20,0.430232558139535,0.35632183908045967,0.3857518210046489,,0.7282321899736147,0.38502498522379885
2020-06-21,0.4389534883720929,0.37931034482758613,0.40615190310448807,,0.7519788918205808,0.38804324464019
2020-06-22,0.4447674418604648,0.40229885057471265,0.4445586667125149,,0.7730870712401053,0.4180202760453053
2020-06-23,0.4593023255813952,0.2988505747126436,0.38126722519379597,,0.7836411609498679,0.3539154320405444
2020-06-24,0.46220930232558116,0.2528735632183908,0.31165257878055375,,0.7994722955145112,0.31781493270610384
2020-06-25,0.47093023255813965,0.3103448275862068,0.3360783539011884,,0.7968337730870718,0.3619249619838535
2020-06-26,0.4563953488372092,0.40229885057471265,0.3991042256267255,,0.815303430079156,0.4005386342639231
2020-06-27,0.433139534883721,0.425287356321839,0.44142483919199665,,0.8364116094986811,0.43621239288714375
2020-06-28,0.4244186046511625,0.4597701149425287,0.4553023950125612,,0.8944591029023745,0.45556601011618436
2020-06-29,0.4244186046511625,0.43678160919540215,0.4025404334133107,,0.8918205804749337,0.434258776527636
2020-06-30,0.44186046511627886,0.425287356321839,0.3672813325631386,,0.907651715039578,0.4003497060094727
2020-07-01,0.430232558139535,0.4137931034482758,0.36932808395584044,,0.8997361477572563,0.3939874656867062
2020-07-02,0.4244186046511625,0.4137931034482758,0.3994730261779434,,0.9340369393139839,0.38668786658405174
2020-07-03,0.4389534883720929,0.4137931034482758,0.39585683810129707,,0.9366754617414242,0.3850370083225498
2020-07-04,0.4447674418604648,0.4137931034482758,0.386510639014728,,0.9393139841688656,0.3841367182828897
2020-07-05,0.433139534883721,0.425287356321839,0.3639190094246699,,0.9736147757255936,0.36675406055656834
2020-07-06,0.4098837209302327,0.43678160919540215,0.4017843201103504,,0.9868073878627971,0.35280187627505794
2020-07-07,0.4011627906976742,0.44827586206896547,0.3932339477695619,0.39560183885768657,0.9736147757255936,0.33592091304713045
2020-07-08,0.430232558139535,0.4137931034482758,0.34327131524223586,,1.0,0.2991533981377351
2020-07-09,0.4680232558139531,0.43678160919540215,0.3596133407401825,,0.9683377308707128,0.293375931925384
2020-07-10,0.49127906976744196,0.39080459770114934,0.346803204054729,,0.9683377308707128,0.27868582400829045
2020-07-11,0.4970930232558139,0.40229885057471265,0.34236739552629575,,0.9472295514511873,0.2654460885829999
2020-07-12,0.5145348837209303,0.40229885057471265,0.386202077369195,,0.9261213720316627,0.30457349703503916
2020-07-13,0.5232558139534882,0.43678160919540215,0.4009634680527597,,0.9129287598944593,0.33021509498797014
2020-07-14,0.5290697674418601,0.4712643678160918,0.428583138891777,,0.9023746701846962,0.35944388313557424
2020-07-15,0.5406976744186045,0.4597701149425287,0.42822331727058377,,0.9102902374670184,0.36613824990681176
2020-07-16,0.5697674418604647,0.482758620689655,0.4163689428291306,,0.8944591029023745,0.36807395906541646
2020-07-17,0.5813953488372091,0.4597701149425287,0.4147388007136704,,0.8522427440633243,0.3679826475935842
2020-07-18,0.5581395348837208,0.44827586206896547,0.4098281463456603,,0.8443271767810022,0.37334346934602647
2020-07-19,0.5610465116279069,0.4597701149425287,0.4080833670408261,,0.8073878627968333,0.3822216734819493
2020-07-20,0.5552325581395349,0.43678160919540215,0.37665574401658225,,0.8258575197889181,0.35574031278116885
2020-07-21,0.5610465116279069,0.43678160919540215,0.35014510307569696,,0.8100263852242742,0.35058035977748564
2020-07-22,0.5784883720930232,0.43678160919540215,0.36868700245314007,,0.7968337730870718,0.37006822891061725
2020-07-23,0.5726744186046513,0.34482758620689646,0.27835567823858354,,0.7994722955145122,0.31908413450408607
2020-07-24,0.5755813953488372,0.22988505747126425,0.2549388972057876,,0.7757255936675462,0.27310679654184267
2020-07-25,0.5872093023255811,0.22988505747126425,0.2731042057373928,,0.7625329815303428,0.29032191707374916
2020-07-26,0.590116279069767,0.19540229885057459,0.2645794524579618,,0.7335092348284961,0.2791641491075063
2020-07-27,0.6104651162790693,0.19540229885057459,0.2880655162143676,,0.7335092348284961,0.2899019978359922
2020-07-28,0.6162790697674418,0.2068965517241379,0.32539820151348264,,0.7282321899736147,0.3320980248360649
2020-07-29,0.6366279069767442,0.2068965517241379,0.3054269180036014,,0.7493403693931399,0.3218778792362532
2020-07-30,0.6308139534883717,0.19540229885057459,0.3097368861916089,,0.7282321899736147,0.3350109544375326
2020-07-31,0.6366279069767442,0.2068965517241379,0.30453183225204533,,0.7124010554089709,0.3174129460270518
2020-08-01,0.6482558139534881,0.16091954022988506,0.24749199966739518,,0.7203166226912926,0.2781253294702098
2020-08-02,0.6656976744186044,0.11494252873563206,0.2066233405996037,,0.6754617414248025,0.23745305986505025
2020-08-03,0.6976744186046512,0.05747126436781603,0.14262354922392245,,0.654353562005277,0.1890743585078305
2020-08-04,0.6947674418604651,0.1264367816091954,0.17217407456273498,,0.6490765171503957,0.24240748942366233
2020-08-05,0.7005813953488371,0.19540229885057459,0.17963537471414665,,0.6094986807387864,0.24498655006133585
2020-08-06,0.6860465116279068,0.1839080459770114,0.17010278023538972,,0.6147757255936677,0.24085938485738784
2020-08-07,0.6627906976744184,0.21839080459770108,0.1792154877723927,,0.6068601583113455,0.2635640593328348
2020-08-08,0.6598837209302325,0.1839080459770114,0.1675222468044074,,0.6068601583113455,0.2610082089847146
2020-08-09,0.6249999999999998,0.2068965517241379,0.13456102575555304,,0.6490765171503957,0.254830580020142
2020-08-10,0.6017441860465115,0.16091954022988506,0.08841320441682025,,0.641160949868074,0.20753492535504828
2020-08-11,0.5494186046511624,0.17241379310344823,0.2531650403576045,,0.674515856026286,0.29782343824233337
2020-08-12,0.5755813953488372,0.1839080459770114,0.23943222367718148,,0.6270224523323541,0.31830209703374385
2020-08-13,0.5523255813953489,0.2758620689655171,0.39654285141073053,,0.6322994971872353,0.44588638357942734
2020-08-14,0.5436046511627904,0.2643678160919539,0.40994991003989134,,0.6322994971872353,0.4574065150600057
2020-08-15,0.5581395348837208,0.28735632183908044,0.42286514544841414,,0.605914272912829,0.48600193998244795
2020-08-16,0.5494186046511624,0.3103448275862068,0.4316747465342241,,0.6270224523323541,0.4970773419666233
2020-08-17,0.5639534883720928,0.3218390804597701,0.42208980231721194,,0.5848060934933039,0.5098117486551259
2020-08-18,0.5697674418604647,0.35632183908045967,0.45514962237044226,,0.571613481356101,0.5165172406633441
2020-08-19,0.5581395348837208,0.367816091954023,0.4580776628190766,,0.537312689799373,0.5046759402517222
2020-08-20,0.5668604651162787,0.425287356321839,0.45511087063732036,0.535586513936437,0.5188430328072887,0.4975220466584964
2020-08-21,0.5784883720930232,0.43678160919540215,0.43127020505508684,0.5429154283781469,0.5188430328072883,0.5106603227507073
2020-08-22,0.5813953488372091,0.37931034482758613,0.33458794359680344,,0.5241200776621695,0.41563400018456365
2020-08-23,0.6017441860465115,0.39080459770114934,0.3573406448858839,,0.5056504206700854,0.43019257623695867
2020-08-24,0.6017441860465115,0.37931034482758613,0.34396787177493826,,0.4713496291133568,0.42527486745840154
2020-08-25,0.6424418604651161,0.34482758620689646,0.2862198280101446,,0.4528799721212726,0.3612079173372412
2020-08-26,0.645348837209302,0.35632183908045967,0.26921521333721155,,0.43968735998406916,0.35168337098610514
2020-08-27,0.6308139534883717,0.4942528735632182,0.3120951962910672,,0.43968735998406916,0.39609464121745985
2020-08-28,0.6279069767441857,0.482758620689655,0.31212777629957533,,0.44232588241151005,0.40077262873167446
2020-08-29,0.6191860465116278,0.5977011494252874,0.38951856758592807,,0.45815701697615335,0.45276825891015043
2020-08-30,0.6337209302325583,0.6091954022988505,0.40685733386215767,,0.47926519639567844,0.47040662900494434
2020-08-31,0.6569767441860465,0.5977011494252874,0.3867753913623729,,0.4924578085328819,0.45146243405406844
2020-09-01,0.6889534883720927,0.5632183908045976,0.3624010649997511,,0.49773485338776363,0.40455615100928294
2020-09-02,0.7005813953488371,0.5287356321839081,0.3439268791002961,,0.5109274655249666,0.3816263797658503
2020-09-03,0.7034883720930231,0.5402298850574712,0.34449167759047883,,0.49773485338776363,0.3829211132216427
2020-09-04,0.7296511627906973,0.5517241379310344,0.3547378881020252,,0.5030118982426445,0.3941439042114865
2020-09-05,0.7238372093023254,0.5402298850574712,0.35052900422146926,,0.5082889430975257,0.3648795352615058
2020-09-06,0.7499999999999997,0.6091954022988505,0.4077301853117938,,0.500373375815204,0.40014269609498027
2020-09-07,0.7761627906976745,0.6206896551724137,0.4223379985020818,,0.5320356449444916,0.40460095011169844
2020-09-08,0.8343023255813948,0.6091954022988505,0.2219022006672817,,0.5013192612137201,0.2852472000236904
2020-09-09,0.8226744186046511,0.5517241379310344,0.21183724513171398,,0.5408970976253299,0.2277695495605744
2020-09-10,0.8430232558139533,0.4597701149425287,0.10253546104884063,,0.5382585751978894,0.10413424867527822
2020-09-11,0.8430232558139533,0.5172413793103449,0.07985334764678004,,0.5540897097625332,0.06573559184529033
2020-09-12,0.8372093023255814,0.5517241379310344,0.1251214863692859,,0.5751978891820578,0.10444901761907922
2020-09-13,0.825581395348837,0.5517241379310344,0.13306893486838256,,0.5725593667546175,0.11088483633082519
2020-09-14,0.8168604651162791,0.5517241379310344,0.13764104453010054,,0.5910290237467022,0.09282283734639407
2020-09-15,0.819767441860465,0.5287356321839081,0.11720359513579784,,0.5672823218997363,0.08669555691063822
2020-09-16,0.828488372093023,0.5287356321839081,0.1447639974896605,,0.5857519788918204,0.10061974272614134
2020-09-17,0.8430232558139533,0.482758620689655,0.1690634593339066,,0.5989445910290239,0.09528566534886534
2020-09-18,0.8459302325581394,0.44827586206896547,0.12871837982557588,,0.6015831134564648,0.0401225238630178
2020-09-19,0.8720930232558136,0.482758620689655,0.14087706005298434,,0.5936675461741421,0.05707424695388455
2020-09-20,0.8517441860465113,0.5172413793103449,0.16931461201516748,,0.6226912928759893,0.05941817862398745
2020-09-21,0.8343023255813948,0.5172413793103449,0.15795416182201502,,0.6332453825857524,0.03659640798510713
2020-09-22,0.7936046511627902,0.5402298850574712,0.19362180505147591,,0.6517150395778366,0.07921317107058683
2020-09-23,0.7936046511627902,0.5632183908045976,0.21978987076056325,,0.6649076517150395,0.0936215940771912
2020-09-24,0.8110465116279066,0.482758620689655,0.18871644147823086,,0.6596306068601582,0.078476598326507
2020-09-25,0.7936046511627902,0.5287356321839081,0.23943939006312448,,0.6569920844327178,0.11316290911971517
2020-09-26,0.7965116279069768,0.4712643678160918,0.21125584853884696,,0.66490765171504,0.12151835714906736
2020-09-27,0.7790697674418604,0.4597701149425287,0.2145550911792617,,0.6728232189973616,0.12385657664622388
2020-09-28,0.7499999999999997,0.5057471264367817,0.2946272371634734,0.3316914983115244,0.6754617414248025,0.1812103472105932
2020-09-29,0.7587209302325582,0.5057471264367817,0.2696758508463717,0.32711092678545584,0.6781002638522424,0.16626681643316713
2020-09-30,0.7470930232558137,0.5632183908045976,0.2956120834618551,0.3484869272404433,0.6886543535620054,0.22674907075479048
2020-10-01,0.7296511627906973,0.5517241379310344,0.36279579289269287,0.3729166420461429,0.7097625329815306,0.2762760100125398
2020-10-02,0.7034883720930231,0.5287356321839081,0.32893625415383354,0.3650991333083187,0.7150395778364118,0.25327542966762484
2020-10-03,0.7151162790697675,0.5632183908045976,0.36506538634199176,0.47503284993396766,0.7203166226912926,0.31214410361732847
2020-10-04,0.7296511627906973,0.482758620689655,0.2775494355319356,0.3483602546451541,0.699208443271768,0.25201065273204765
2020-10-05,0.7267441860465114,0.5057471264367817,0.28833821270516463,0.3666825407494288,0.688654353562005,0.26471817507329787
2020-10-06,0.7383720930232558,0.482758620689655,0.2883521111129341,0.3483602546451541,0.6807387862796833,0.24487790385896976
2020-10-07,0.7616279069767441,0.5287356321839081,0.31584460211530946,0.45389662260577684,0.6490765171503957,0.2823403236900908
2020-10-08,0.7529069767441856,0.5172413793103449,0.3087667924653962,0.46342421137999984,0.6279683377308706,0.2953295095001992
2020-10-09,0.7703488372093019,0.4942528735632182,0.3315378502548473,0.49803297402140767,0.6226912928759893,0.33909767499855625
2020-10-10,0.7703488372093019,0.4597701149425287,0.33486390771506996,0.5224626888271078,0.6306068601583115,0.332419062214822
2020-10-11,0.7906976744186043,0.425287356321839,0.3234992077452656,0.48174649748427456,0.6094986807387864,0.33576408804595825
2020-10-12,0.773255813953488,0.4137931034482758,0.34694298934134754,0.4898897357528411,0.6279683377308706,0.36869525168835465
2020-10-13,0.7819767441860463,0.39080459770114934,0.3619003482744641,0.4247438296043087,0.6569920844327178,0.3719622241439107
2020-10-14,0.7906976744186043,0.44827586206896547,0.3856310701447487,0.46953164008142473,0.6833773087071237,0.39015789187484273
2020-10-15,0.7819767441860463,0.5057471264367817,0.41929989575007715,0.5753937375727903,0.7071240105540897,0.4163638677860036
2020-10-16,0.7848837209302324,0.5172413793103449,0.42548915089737605,0.59982345237849,0.7176781002638517,0.4351328064150414
2020-10-17,0.7558139534883721,0.5287356321839081,0.468759923907264,0.6303605958856147,0.7150395778364118,0.4672720010196466
2020-10-18,0.76453488372093,0.5402298850574712,0.42689398272804496,0.6312019253495871,0.6754617414248025,0.45207968297455087
2020-10-19,0.76453488372093,0.5517241379310344,0.4437985321655224,0.6230586870810201,0.699208443271768,0.46404707363857456
2020-10-20,0.76453488372093,0.5517241379310344,0.4646568429421546,0.6413809731852949,0.6833773087071237,0.4549679295817163
2020-10-21,0.7587209302325582,0.5287356321839081,0.4514194427885126,0.6335634644474707,0.6807387862796833,0.45044357733041723
2020-10-22,0.7412790697674417,0.482758620689655,0.407909538866158,0.6176093649825243,0.654353562005277,0.40521855674156065
2020-10-23,0.7616279069767441,0.43678160919540215,0.37536835734882273,0.6016552655175774,0.6569920844327173,0.3879768595397959
2020-10-24,0.76453488372093,0.39080459770114934,0.3242500752268625,0.5690823124433112,0.6332453825857524,0.32121840311019345
2020-10-25,0.76453488372093,0.39080459770114934,0.3019019621612448,0.5690823124433112,0.5989445910290239,0.30139337611857236
2020-10-26,0.7877906976744183,0.39080459770114934,0.25360801859935406,0.5874045985475859,0.5910290237467022,0.27562752466948703
2020-10-27,0.7529069767441856,0.35632183908045967,0.2610347514766866,0.5324377402347612,0.6042216358839051,0.2913604322684151
2020-10-28,0.7558139534883721,0.2988505747126436,0.23420878174275084,0.47848878670550804,0.5989445910290239,0.21964138925129414
2020-10-29,0.7703488372093019,0.3218390804597701,0.19620858955479273,0.46285376922986016,0.5751978891820578,0.1917186006979819
2020-10-30,0.7906976744186043,0.28735632183908044,0.2016746381310433,,0.5857519788918204,0.16196685894905308
2020-10-31,0.7936046511627902,0.2988505747126436,0.16430798783071246,,0.5831134564643801,0.14700882373558474
2020-11-01,0.7848837209302324,0.33333333333333326,0.19702488283521444,,0.5699208443271772,0.16429626598892477
2020-11-02,0.7819767441860463,0.28735632183908044,0.18274701213443226,,0.5778364116094987,0.15797394772615062
2020-11-03,0.767441860465116,0.3218390804597701,0.2426771013405938,,0.5751978891820578,0.22403340448699555
2020-11-04,0.7296511627906973,0.35632183908045967,0.2362907725685256,,0.6015831134564642,0.23124240083337433
2020-11-05,0.7383720930232558,0.37931034482758613,0.265405084684508,,0.6279683377308706,0.2456992761383392
2020-11-06,0.7296511627906973,0.3218390804597701,0.2664583003337488,,0.6464379947229548,0.24262110533596373
2020-11-07,0.7412790697674417,0.33333333333333326,0.23419533663577635,,0.6279683377308706,0.21963374018642998
2020-11-08,0.7587209302325582,0.35632183908045967,0.2171370605106374,,0.6569920844327178,0.18486559251216708
2020-11-09,0.7529069767441856,0.37931034482758613,0.25259134269030226,,0.6464379947229553,0.21466406661790058
2020-11-10,0.7151162790697675,0.40229885057471265,0.2749227994966382,,0.6517150395778366,0.26090162610064316
2020-11-11,0.7325581395348832,0.34482758620689646,0.22273191340123663,,0.6437994722955144,0.22507517301744073
2020-11-12,0.7470930232558137,0.3103448275862068,0.2097862976246325,,0.6200527704485489,0.20673503269563873
2020-11-13,0.7499999999999997,0.33333333333333326,0.2593852381722301,,0.5989445910290239,0.2577001167663676
2020-11-14,0.76453488372093,0.3218390804597701,0.23364664250234973,,0.617414248021108,0.2530500121113221
2020-11-15,0.7790697674418604,0.2528735632183908,0.20667264948924224,,0.6490765171503957,0.2056584168381184
2020-11-16,0.7994186046511628,0.2758620689655171,0.21267273486347427,,0.6200527704485489,0.21405883149683863
2020-11-17,0.8168604651162791,0.2988505747126436,0.20275065727382705,,0.6226912928759893,0.23439583529098323
2020-11-18,0.8052325581395346,0.35632183908045967,0.22253307785927343,,0.617414248021108,0.2741468901992613
2020-11-19,0.8226744186046511,0.367816091954023,0.22113003898623823,,0.6490765171503957,0.26378175433732365
2020-11-20,0.828488372093023,0.35632183908045967,0.21479646417948456,,0.6569920844327178,0.25337763992230267
2020-11-21,0.828488372093023,0.37931034482758613,0.2493596585432431,,0.6649076517150395,0.29900849433453847
2020-11-22,0.828488372093023,0.4137931034482758,0.30226563300403186,,0.7018469656992083,0.3478561508535098
2020-11-23,0.8110465116279066,0.367816091954023,0.27048743058171093,,0.7176781002638527,0.31626823173816193
2020-11-24,0.819767441860465,0.37931034482758613,0.2724036781261503,,0.7335092348284961,0.3006235382266296
2020-11-25,0.8110465116279066,0.37931034482758613,0.2902506307698307,,0.7414248021108182,0.3161388263245498
2020-11-26,0.7936046511627902,0.3218390804597701,0.24251323091116486,,0.7941952506596304,0.2698108918283443
2020-11-27,0.7761627906976745,0.34482758620689646,0.24417687362742582,,0.7493403693931399,0.2703099071864077
2020-11-28,0.7587209302325582,0.425287356321839,0.3126111528441362,,0.7493403693931399,0.30296527268927237
2020-11-29,0.7441860465116277,0.44827586206896547,0.32243687193578224,,0.7704485488126649,0.3332555122952988
2020-11-30,0.7499999999999997,0.5057471264367817,0.36137723341365097,,0.757255936675462,0.37299038617808983
2020-12-01,0.7587209302325582,0.5057471264367817,0.3198799989758484,,0.757255936675462,0.34048527581655147
2020-12-02,0.7848837209302324,0.4712643678160918,0.3305228972085295,,0.767810026385224,0.3330863483019273
2020-12-03,0.8023255813953487,0.43678160919540215,0.25437050894658547,,0.802110817941952,0.27577909880592943
2020-12-04,0.8110465116279066,0.4597701149425287,0.21755946736439227,,0.7968337730870718,0.23220310206873457
2020-12-05,0.8110465116279066,0.43678160919540215,0.21328883719481898,,0.79155672823219,0.21578423650270975
2020-12-06,0.7936046511627902,0.44827586206896547,0.26607150773946997,,0.8073878627968333,0.2688263557223123
2020-12-07,0.8052325581395346,0.4137931034482758,0.20236856569533615,,0.8126649076517146,0.19960569874791245
2020-12-08,0.8546511627906972,0.39080459770114934,0.15163938988778353,,0.8073878627968333,0.14592996868728414
2020-12-09,0.8401162790697674,0.39080459770114934,0.15533523576227665,,0.8073878627968333,0.17382031456269675
2020-12-10,0.8226744186046511,0.4137931034482758,0.13847030125535814,,0.8232189973614776,0.21062748211420973
2020-12-11,0.8313953488372089,0.367816091954023,0.06717682193371223,,0.8522427440633243,0.12446023095760822
2020-12-12,0.8459302325581394,0.35632183908045967,0.050117223596462826,,0.8548812664907652,0.11016978323353016
2020-12-13,0.825581395348837,0.4137931034482758,0.1185222433184213,,0.8443271767810032,0.18286941019215472
2020-12-14,0.7848837209302324,0.39080459770114934,0.12807632626086662,,0.8707124010554086,0.20480235650471815
2020-12-15,0.7441860465116277,0.40229885057471265,0.15478087206405727,,0.8733509234828499,0.23244155210462994
2020-12-16,0.7412790697674417,0.39080459770114934,0.16031954783516275,,0.8786279683377307,0.2378036499173926
2020-12-17,0.7529069767441856,0.4137931034482758,0.1852332274970408,,0.8865435356200524,0.2798588705910355
2020-12-18,0.767441860465116,0.425287356321839,0.15782046002233102,,0.8733509234828499,0.2579534711495847
2020-12-19,0.8081395348837206,0.37931034482758613,0.11201731297710461,,0.8733509234828495,0.18988895949195383
2020-12-20,0.7906976744186043,0.34482758620689646,0.08020952546693051,,0.8733509234828495,0.16196792819821657
2020-12-21,0.7906976744186043,0.4137931034482758,0.15889683298409601,,0.8496042216358834,0.22555949167571823
2020-12-22,0.7761627906976745,0.44827586206896547,0.21097360920111433,,0.8205804749340367,0.29189774905677013
2020-12-23,0.7994186046511628,0.482758620689655,0.19890366543457305,,0.7968337730870713,0.29435495527078626
2020-12-24,0.8168604651162791,0.5402298850574712,0.21150320538247439,,0.7598944591029029,0.3203357441738751
2020-12-25,0.828488372093023,0.5632183908045976,0.2363154623588098,,0.7757255936675462,0.3552167546865003
2020-12-26,0.8430232558139533,0.482758620689655,0.1903697428343474,,0.7757255936675462,0.3355579706031578
2020-12-27,0.8633720930232557,0.425287356321839,0.1462474757196666,,0.7889182058047496,0.2773031533115724
2020-12-28,0.877906976744186,0.40229885057471265,0.11128574018509253,,0.79155672823219,0.23169973636607502
2020-12-29,0.8720930232558136,0.39080459770114934,0.12763753765107377,,0.79155672823219,0.2326736730605411
2020-12-30,0.8633720930232557,0.39080459770114934,0.11121907236481886,,0.7783641160949866,0.2225320170263608
2020-12-31,0.8662790697674416,0.367816091954023,0.11393213168661816,,0.7493403693931403,0.211840155049826
2021-01-01,0.8749999999999996,0.37931034482758613,0.13232758099383254,,0.757255936675461,0.23545360963606546
2021-01-02,0.877906976744186,0.40229885057471265,0.12590113944706008,,0.7651715039577837,0.22453914206564937
2021-01-03,0.880813953488372,0.39080459770114934,0.05734516122638504,,0.7335092348284961,0.1799305803975978
2021-01-04,0.9011627906976744,0.40229885057471265,0.08867110622116937,,0.7467018469656994,0.2069793527867384
2021-01-05,0.877906976744186,0.44827586206896547,0.13892375861213743,,0.7625329815303428,0.2657288288099412
2021-01-06,0.8895348837209299,0.425287356321839,0.11387654651104365,,0.7783641160949871,0.22527750516540698
2021-01-07,0.941860465116279,0.37931034482758613,0.08360739393345086,,0.7757255936675462,0.17159523399604676
2021-01-08,0.9593023255813954,0.4137931034482758,0.09793993324219215,,0.7625329815303428,0.18964014827312822
2021-01-09,0.9302325581395345,0.425287356321839,0.14682068793404732,,0.7414248021108177,0.2147801208358924
2021-01-10,0.9505813953488369,0.4137931034482758,0.11282071747464065,,0.7387862796833773,0.16611424175238496
2021-01-11,0.9796511627906976,0.39080459770114934,0.088992286050435,,0.7255936675461738,0.1310399982445758
2021-01-12,0.9912790697674415,0.33333333333333326,0.03410841049738685,,0.7387862796833773,0.056937881764922836
2021-01-13,0.9970930232558135,0.2988505747126436,0.029335836347407034,,0.7361477572559364,0.01707646666148814
2021-01-14,1.0,0.28735632183908044,0.04316952415029791,,0.7203166226912926,0.0
2021-01-15,0.9825581395348837,0.28735632183908044,0.07538581600664092,,0.7308707124010556,0.04857977324350594
2021-01-16,0.9447674418604649,0.34482758620689646,0.11202115629207386,0.2704086908479602,0.757255936675462,0.10860014181017807
2021-01-17,0.9563953488372088,0.37931034482758613,0.16722635307346795,0.32995612068685326,0.7335092348284961,0.13152018433603224
2021-01-18,0.9563953488372088,0.4137931034482758,0.1583534536017018,0.31638405690590915,0.7097625329815306,0.15671579344958822
2021-01-19,0.9534883720930228,0.44827586206896547,0.17610382772383326,0.29989399941206163,0.7229551451187335,0.17693230757470133
2021-01-20,0.9215116279069767,0.40229885057471265,0.17802074331824724,0.18588866365212947,0.7467018469656994,0.18021341471175453
2021-01-21,0.9069767441860462,0.425287356321839,0.22530455237816904,0.2174777805927244,0.7598944591029029,0.21067475193859084
2021-01-22,0.9011627906976744,0.40229885057471265,0.20294631323021933,0.19915549448844966,0.757255936675462,0.19417774902860974
2021-01-23,0.883720930232558,0.37931034482758613,0.24059423065106386,0.17961172264388972,0.7598944591029019,0.1714611856918492
2021-01-24,0.8604651162790697,0.37931034482758613,0.27290367946724553,0.17961172264388972,0.7387862796833773,0.2064142872266651
2021-01-25,0.8081395348837206,0.425287356321839,0.3239942105198749,0.18360024751012655,0.736147757255937,0.25590576822310335
2021-01-26,0.773255813953488,0.43678160919540215,0.4293562797666305,0.17920289884510066,0.7150395778364124,0.3613868682033658
2021-01-27,0.7499999999999997,0.44827586206896547,0.434133157791933,0.17651563021647354,0.7176781002638527,0.3582851894933335
2021-01-28,0.6860465116279068,0.4712643678160918,0.4931304431613633,0.2742344894392724,0.7163014798669268,0.49623792026084174
2021-01-29,0.6540697674418605,0.4597701149425287,0.507178656089274,0.28034191814069753,0.7347711368590111,0.5098672514571786
2021-01-30,0.6424418604651161,0.4712643678160918,0.5159600069018887,0.3059931186866822,0.7242170471492485,0.52160173620079
2021-01-31,0.6366279069767442,0.4597701149425287,0.534501172420635,0.2788761352523552,0.7400481817138923,0.5140850909658794
2021-02-01,0.5988372093023255,0.482758620689655,0.5571281834691352,0.31552070746090494,0.7347711368590111,0.5395605657324549
2021-02-02,0.584302325581395,0.44827586206896547,0.5192758831974176,0.20998433950028214,0.7110244350120456,0.5116773976915753
2021-02-03,0.5813953488372091,0.44827586206896547,0.542941239117492,0.20998433950028214,0.6951933004474018,0.5388370867219541
2021-02-04,0.5261627906976741,0.482758620689655,0.5395849723634211,0.2649511978131066,0.68991625559252,0.5467373127581289
2021-02-05,0.4883720930232554,0.43678160919540215,0.5588307758096533,,0.7031088677297235,0.5676097094657191
2021-02-06,0.4825581395348835,0.4137931034482758,0.5105396837340462,,0.7189400022943677,0.520096161957165
2021-02-07,0.47093023255813965,0.367816091954023,0.4888841704634952,,0.7400481817138923,0.516200045239851
2021-02-08,0.4680232558139531,0.4137931034482758,0.5073123606627147,,0.7268555695766894,0.5436781362529867
2021-02-09,0.46220930232558116,0.4597701149425287,0.5560118627931506,,0.7321326144315702,0.603916476483021
2021-02-10,0.4563953488372092,0.5057471264367817,0.5801776817521123,,0.7426867041413332,0.6354075098059316
2021-02-11,0.44186046511627886,0.482758620689655,0.5558965319973079,,0.7294940920041297,0.6246144038743139
2021-02-12,0.4273255813953485,0.5172413793103449,0.6008080108657168,,0.7031088677297235,0.6686085552432469
2021-02-13,0.430232558139535,0.4942528735632182,0.595432609327355,,0.6820006883101983,0.6549944343078016
2021-02-14,0.433139534883721,0.4942528735632182,0.560560409278123,,0.7031088677297235,0.6435311897446018
2021-02-15,0.4447674418604648,0.43678160919540215,0.5242067813242893,,0.7083859125846047,0.5804331453338265
2021-02-16,0.430232558139535,0.37931034482758613,0.4840885742561774,,0.6925547780199609,0.5235302581865126
2021-02-17,0.430232558139535,0.367816091954023,0.5075517601982594,,0.7110244350120456,0.5371165077245645
2021-02-18,0.4534883720930233,0.33333333333333326,0.48005054376012496,,0.7031088677297235,0.5231999413666942
2021-02-19,0.44186046511627886,0.3218390804597701,0.4508411614179055,,0.700470345302283,0.5050371677455828
2021-02-20,0.4447674418604648,0.35632183908045967,0.4241026905808584,,0.7057473901571644,0.5169164833223006
2021-02-21,0.4563953488372092,0.34482758620689646,0.4272526691742711,,0.7083859125846047,0.49645660782457607
2021-02-22,0.4767441860465116,0.3218390804597701,0.390011374457321,,0.7083859125846047,0.4776838101519122
2021-02-23,0.49127906976744196,0.28735632183908044,0.276207604262862,,0.7215785247218076,0.4045841448556976
2021-02-24,0.4825581395348835,0.2758620689655171,0.26975422590277087,,0.7189400022943677,0.4166645656773864
2021-02-25,0.5232558139534882,0.2758620689655171,0.2640391563365017,,0.7124010554089709,0.37614136513407886
2021-02-26,0.5348837209302326,0.2988505747126436,0.3016305332426147,,0.6912928759894459,0.40912502247563237
2021-02-27,0.5261627906976741,0.2528735632183908,0.2676434184039364,,0.7044854881266492,0.38125899895986326
2021-02-28,0.5232558139534882,0.24137931034482757,0.33038620620596615,,0.6965699208443271,0.4420761904387401
2021-03-01,0.5406976744186045,0.24137931034482757,0.2926743566231985,,0.6517150395778366,0.4257572564862951
2021-03-02,0.5348837209302326,0.22988505747126425,0.2954627718325136,,0.6807387862796833,0.3997950856420438
2021-03-03,0.5116279069767443,0.21839080459770108,0.2746699873551169,,0.6701846965699207,0.35986384899265433
2021-03-04,0.48546511627906946,0.21839080459770108,0.3413635178465393,,0.6881168767712301,0.40591313072332474
2021-03-05,0.4825581395348835,0.2758620689655171,0.34541043600121063,,0.669647219779146,0.40420557853648437
2021-03-06,0.47093023255813965,0.28735632183908044,0.4038895933107783,,0.6300693833675367,0.45917740407663293
2021-03-07,0.4563953488372092,0.2988505747126436,0.4076607127465101,,0.5931300693833678,0.44884949658579876
2021-03-08,0.430232558139535,0.24137931034482757,0.36497843048118994,,0.5509137105443176,0.39943569491660574
2021-03-09,0.4360465116279069,0.19540229885057459,0.3284070036902438,,0.5456366656894364,0.3426753563296902
2021-03-10,0.44186046511627886,0.13793103448275856,0.2911294193432255,,0.51925144141503,0.312978148336762
2021-03-11,0.433139534883721,0.10344827586206888,0.27854495087810494,,0.5298055311247926,0.2887778680871585
2021-03-12,0.4244186046511625,0.10344827586206888,0.20745059604533106,,0.5561907553991984,0.1998481361976679
2021-03-13,0.39825581395348825,0.16091954022988506,0.2865985353471293,,0.5509137105443176,0.27447841394092737
2021-03-14,0.37499999999999994,0.11494252873563206,0.23587087555927486,,0.5324440535522335,0.2266419215778067
2021-03-15,0.3459302325581395,0.10344827586206888,0.22275096353130036,,0.5878530245284865,0.22430108180880437
2021-03-16,0.3430232558139535,0.11494252873563206,0.2302698325863246,,0.611599726375452,0.24468103255544676
2021-03-17,0.3430232558139535,0.11494252873563206,0.1957301009777787,,0.5984071142382491,0.24269708077405877
2021-03-18,0.3284883720930231,0.14942528735632174,0.21928820001934882,,0.5957685918108082,0.27305933406410693
2021-03-19,0.2994186046511626,0.14942528735632174,0.23501012229093962,,0.5825759796736052,0.30478860546781317
2021-03-20,0.2994186046511626,0.10344827586206888,0.2040587289080298,,0.5667448451089614,0.28522422226098887
2021-03-21,0.27325581395348836,0.1264367816091954,0.233694853068504,,0.5429981432619955,0.303407766960149
2021-03-22,0.2645348837209302,0.0919540229885057,0.22922207968916594,,0.5034203068503862,0.2976159306646754
2021-03-23,0.2616279069767442,0.10344827586206888,0.2259881896768382,,0.5034203068503862,0.2531364037894125
2021-03-24,0.24999999999999978,0.08045977011494253,0.2795279631433083,,0.48099286621714066,0.29313467091147644
2021-03-25,0.2034883720930232,0.06896551724137921,0.21910990620789017,,0.4440535522329717,0.25157329713650634
2021-03-26,0.2034883720930232,0.022988505747126353,0.14367762974594964,,0.42030685038600624,0.17203064300967533
2021-03-27,0.1831395348837209,0.03448275862068953,0.18945959320278288,,0.4308609400957683,0.23199652797038836
2021-03-28,0.17151162790697674,0.022988505747126353,0.09699118638274523,,0.4519691195152939,0.16120895294971832
2021-03-29,0.15988372093023262,0.0,0.10304680463704276,,0.4546076419427343,0.13880568832757997
2021-03-30,0.15988372093023262,0.08045977011494253,0.13913817439399487,,0.415029805531125,0.16012397546154078
2021-03-31,0.12790697674418586,0.0919540229885057,0.16693350733671916,,0.4097527606762432,0.1948700397130106
2021-04-01,0.1540697674418604,0.05747126436781603,0.11710469239842916,,0.3891820580474934,0.14327148625679847
2021-04-02,0.15116279069767444,0.0,0.0927895869213397,,0.38390501319261217,0.13202357301867804
2021-04-03,0.1540697674418604,0.011494252873563177,0.11314921862381051,,0.4102902374670185,0.1764033378318987
2021-04-04,0.12499999999999989,0.03448275862068953,0.13698033207120014,,0.4472295514511869,0.22883473231891963
2021-04-05,0.12499999999999989,0.08045977011494253,0.1682323098607105,,0.4868073878627972,0.30712064526465227
2021-04-06,0.11918604651162797,0.0919540229885057,0.2007058928438489,,0.45250659630606865,0.3645385165862954
2021-04-07,0.09593023255813939,0.17241379310344823,0.19334590927783135,,0.4472295514511874,0.36594307112838925
2021-04-08,0.09593023255813939,0.17241379310344823,0.15222839812692268,,0.43931398416886525,0.34338553052865173
2021-04-09,0.11046511627906978,0.1264367816091954,0.15996713576457053,,0.42612137203166234,0.33745826806644375
2021-04-10,0.11337209302325575,0.04597701149425285,0.07806438143746489,,0.43931398416886575,0.24547774603339803
2021-04-11,0.12499999999999989,0.06896551724137921,0.11059595718300053,,0.45514511873350905,0.27858350460656783
2021-04-12,0.1308139534883721,0.06896551724137921,0.12620602301493303,,0.41556728232189977,0.2884066749831844
2021-04-13,0.12790697674418586,0.08045977011494253,0.16215114939831526,,0.3812664907651718,0.29739171092498
2021-04-14,0.11046511627906978,0.1839080459770114,0.2584454282895282,,0.3364116094986807,0.34075206898584515
2021-04-15,0.10465116279069757,0.1839080459770114,0.249949164005295,,0.3496042216358836,0.32459259290563663
2021-04-16,0.1162790697674417,0.1839080459770114,0.2506814857767502,,0.3548812664907649,0.3125464475579439
2021-04-17,0.11046511627906978,0.17241379310344823,0.23407126473466952,,0.34432717678100233,0.29962061487378755
2021-04-18,0.13662790697674404,0.14942528735632174,0.15958093419207364,,0.3891820580474934,0.2818256914511401
2021-04-19,0.15697674418604635,0.16091954022988506,0.16792815887237944,,0.40765171503957764,0.2646470798954688
2021-04-20,0.15988372093023262,0.17241379310344823,0.21350856958064202,,0.40501319261213675,0.30952494879632486
2021-04-21,0.1686046511627905,0.16091954022988506,0.21385710558132215,,0.3984168865435355,0.28467457568053883
2021-04-22,0.21220930232558138,0.21839080459770108,0.24233766893332703,,0.4142480211081793,0.279300080957041
2021-04-23,0.21220930232558138,0.24137931034482757,0.2782331880893489,,0.4274406332453823,0.29242951127282574
2021-04-24,0.22093023255813957,0.24137931034482757,0.2503635541315118,,0.4036939313984173,0.2621698171238228
2021-04-25,0.22965116279069747,0.2528735632183908,0.27994446074572427,,0.39313984168865423,0.3064874907831379
2021-04-26,0.23837209302325565,0.2643678160919539,0.2962472416575487,,0.3957783641160946,0.325353618854113
2021-04-27,0.23255813953488372,0.19540229885057459,0.24576315179290886,,0.37467018469657004,0.2900321842990698
2021-04-28,0.2645348837209302,0.19540229885057459,0.21349965829796574,,0.38786279683377295,0.2554438416865834
2021-04-29,0.24999999999999978,0.2758620689655171,0.3225262075859103,,0.4195250659630606,0.36720693501130536
2021-04-30,0.2412790697674419,0.33333333333333326,0.32669592361694716,,0.4248021108179419,0.4011512461011584
2021-05-01,0.2412790697674419,0.3103448275862068,0.2663614281937487,,0.4168865435356202,0.31313087406012546
2021-05-02,0.29069767441860445,0.2643678160919539,0.24674636963188015,,0.3825857519788922,0.28875310590546993
2021-05-03,0.3052325581395348,0.24137931034482757,0.23212731511825022,,0.4036939313984168,0.24675301490006127
2021-05-04,0.31104651162790675,0.2988505747126436,0.2066937414457495,,0.4221635883905015,0.23566888826025661
2021-05-05,0.33139534883720906,0.21839080459770108,0.21403564058914046,,0.45118733509234826,0.23882654943284579
2021-05-06,0.3226744186046512,0.2988505747126436,0.33824112497761094,0.0,0.4353562005277044,0.36269790497816157
2021-05-07,0.31104651162790675,0.33333333333333326,0.3627861897213583,0.03224722354352382,0.4432717678100266,0.4164104933590442
2021-05-08,0.3081395348837208,0.40229885057471265,0.48106700289462956,0.13993739493191454,0.4432717678100266,0.559718921354984
2021-05-09,0.3023255813953489,0.425287356321839,0.4818539145458657,0.06664825051481532,0.4564643799472295,0.5678969598756206
2021-05-10,0.3052325581395348,0.44827586206896547,0.48165139927835504,0.05101323303916722,0.4617414248021108,0.5594795160610193
2021-05-11,0.3052325581395348,0.44827586206896547,0.4490193162875994,0.05101323303916722,0.49076517150395754,0.5674173252314111
2021-05-12,0.31104651162790675,0.40229885057471265,0.3672046796868875,0.06078511896144754,0.5461741424802111,0.5250029293761131
2021-05-13,0.29360465116279066,0.40229885057471265,0.40991871477894387,0.0323668792895106,0.5092348284960422,0.5260644422823759
2021-05-14,0.29651162790697666,0.40229885057471265,0.4515253031208343,0.0323668792895106,0.5303430079155673,0.5545032962898356
2021-05-15,0.3023255813953489,0.44827586206896547,0.4801175849258005,0.11445072103666182,0.548812664907652,0.5817891182354025
2021-05-16,0.3023255813953489,0.4942528735632182,0.5200512126786228,0.20826082589054906,0.5118733509234826,0.5823990566344708
2021-05-17,0.29651162790697666,0.4712643678160918,0.50094993146349,0.1431149197420164,0.5250659630606861,0.5866080460941346
2021-05-18,0.2848837209302325,0.44827586206896547,0.435671089125366,0.12479263363774143,0.5118733509234826,0.5354657361258539
2021-05-19,0.29360465116279066,0.4712643678160918,0.3805291846921155,0.1431149197420164,0.49340369393139843,0.5541791877588158
2021-05-20,0.2703488372093021,0.425287356321839,0.4173165242286587,0.15109196947448983,0.5277044854881269,0.5757177835997652
2021-05-21,0.2819767441860465,0.4137931034482758,0.42463456452583576,0.15923520774305638,0.5356200527704486,0.6000706696354966
2021-05-22,0.2819767441860465,0.43678160919540215,0.4424499827471628,0.17755749384733113,0.5197889182058048,0.6020310866186713
2021-05-23,0.29069767441860445,0.44827586206896547,0.4719825987910844,0.20402301822017244,0.5092348284960422,0.5872488724677059
2021-05-24,0.2994186046511626,0.4597701149425287,0.44230171299388404,0.19791558951874752,0.5145118733509235,0.5832072080199079
2021-05-25,0.3023255813953489,0.4597701149425287,0.4505411153168906,0.19791558951874752,0.5488126649076515,0.5923286382557015
2021-05-26,0.2994186046511626,0.4597701149425287,0.45165883584174743,0.19791558951874752,0.5699208443271766,0.607730788149555
2021-05-27,0.3023255813953489,0.44827586206896547,0.40323297282370174,0.2167987619323369,0.5303877286346765,0.5551122683698071
2021-05-28,0.3023255813953489,0.4597701149425287,0.40192782474509886,0.2080040646022849,0.5251106837797952,0.5559665902598673
2021-05-29,0.29360465116279066,0.4942528735632182,0.4086285727665101,0.29961549512365887,0.5330262510621169,0.5695454809780479
2021-05-30,0.2819767441860465,0.482758620689655,0.39842721530202946,,0.5514959080542016,0.5294329574325409
2021-05-31,0.29069767441860445,0.482758620689655,0.3983445382798389,,0.540941818344439,0.523346300761998
2021-06-01,0.29069767441860445,0.44827586206896547,0.4009235944889224,,0.5251106837797948,0.5128874145666841
2021-06-02,0.3023255813953489,0.44827586206896547,0.37291355962020983,,0.5145565940700326,0.48939711357732973
2021-06-03,0.3197674418604649,0.4712643678160918,0.37308660863569265,,0.5462188631993203,0.5212239084343407
2021-06-04,0.33139534883720906,0.44827586206896547,0.3559347850115667,,0.5383032959169981,0.4770456605689291
2021-06-05,0.35465116279069764,0.39080459770114934,0.24601714675546668,,0.5251106837797948,0.32840980634409483
2021-06-06,0.36337209302325585,0.39080459770114934,0.24550964239718573,,0.496086937077948,0.3369808035032251
2021-06-07,0.3604651162790696,0.35632183908045967,0.2254846989556895,,0.4776172800858638,0.3359927555130859
2021-06-08,0.38372093023255816,0.2988505747126436,0.1596840655806346,,0.4670631903761012,0.25208273602558545
2021-06-09,0.37790697674418594,0.24137931034482757,0.12330173002283182,,0.42484683153705105,0.21364954800740876
2021-06-10,0.3866279069767441,0.1839080459770114,0.04718779342706903,,0.41956978668216977,0.17179093745691976
2021-06-11,0.3720930232558137,0.1839080459770114,0.05913322995257729,,0.40110012969008507,0.17791213757551183
2021-06-12,0.3604651162790696,0.14942528735632174,0.0523724222566655,,0.3826304726980009,0.15391802872343172
2021-06-13,0.35174418604651136,0.11494252873563206,0.05977722972405367,,0.38526899512544177,0.15905873311126115
2021-06-14,0.3575581395348836,0.1264367816091954,0.08640786058630667,,0.40110012969008557,0.1639380419848064
2021-06-15,0.3604651162790696,0.19540229885057459,0.18127104472564864,,0.4512320558114574,0.2336337688906053
2021-06-16,0.35465116279069764,0.22988505747126425,0.2197582628562564,,0.5092795492151514,0.2247317977593181
2021-06-17,0.3866279069767441,0.21839080459770108,0.15675650591395804,,0.5277492062072356,0.1720807405161816
2021-06-18,0.3488372093023254,0.22988505747126425,0.23621747198699183,,0.5001020799023147,0.21704130111558767
2021-06-19,0.3720930232558137,0.2068965517241379,0.256052441468723,,0.539679916313924,0.2314376328532104
2021-06-20,0.3662790697674418,0.24137931034482757,0.27877744535182564,,0.5581495733060082,0.2501158774574466
2021-06-21,0.35174418604651136,0.24137931034482757,0.31187568972451923,,0.5555110508785673,0.26829259175714426
2021-06-22,0.3459302325581395,0.24137931034482757,0.32736409440180547,,0.5766192302980929,0.2826032084960359
2021-06-23,0.3430232558139535,0.2988505747126436,0.4642081920792837,,0.5660651405883304,0.40140864220038625
2021-06-24,0.34011627906976727,0.24137931034482757,0.41312541416624127,,0.6135138235631521,0.3651102116213881
2021-06-25,0.3255813953488371,0.2068965517241379,0.46436529554250877,,0.6336545447592826,0.3731953553796992
2021-06-26,0.3284883720930231,0.17241379310344823,0.471408798951995,,0.6151848877671979,0.3681957677951738
2021-06-27,0.29651162790697666,0.2528735632183908,0.5207787315642157,,0.5993537532025541,0.4417399146771897
2021-06-28,0.3023255813953489,0.24137931034482757,0.5211043229756498,,0.5861611410653511,0.43091449807044363
2021-06-29,0.2761627906976743,0.22988505747126425,0.6335511706423487,,0.6046307980574358,0.526202232313579
2021-06-30,0.24999999999999978,0.24137931034482757,0.7054222331675564,,0.5967152307751137,0.6042697797817976
2021-07-01,0.22383720930232553,0.19540229885057459,0.6204728914538589,,0.5914381859202325,0.5057073315071765
2021-07-02,0.1831395348837209,0.1839080459770114,0.6580519326585891,,0.6023831678414675,0.5782145303406553
2021-07-03,0.1540697674418604,0.19540229885057459,0.6537570880562429,,0.6102987351237897,0.6322747464552861
2021-07-04,0.14534883720930222,0.17241379310344823,0.6466016302056343,,0.6340454369707552,0.6063703532543316
2021-07-05,0.14534883720930222,0.1839080459770114,0.6642614525954409,,0.6551536163902802,0.6363243021728681
2021-07-06,0.1395348837209303,0.2643678160919539,0.7783672016608516,0.20778843497670407,0.6472380491079586,0.7312990515279129
2021-07-07,0.14534883720930222,0.2988505747126436,0.924478537931313,0.299399865498078,0.6650951919651014,0.8454540120159089
2021-07-08,0.14534883720930222,0.3218390804597701,0.9872930753123296,0.317722151602353,0.683564848957186,0.8870553242128466
2021-07-09,0.1744186046511627,0.33333333333333326,0.9503604537622414,0.3910112960194522,0.7020345059492703,0.8492502819153527
2021-07-10,0.1831395348837209,0.33333333333333326,0.943902785524683,0.3910112960194522,0.7574434769255238,0.8511600253077023
2021-07-11,0.18023255813953493,0.34482758620689646,0.909829763162838,0.4154410108251519,0.7811901787724889,0.8621293927053568
2021-07-12,0.17732558139534868,0.33333333333333326,0.8893528076741877,0.34215186640805245,0.7495279096432017,0.8555583926619222
2021-07-13,0.19476744186046505,0.3103448275862068,0.8625563430627889,0.35080405706840473,0.7389738199334387,0.840883922870409
2021-07-14,0.20058139534883726,0.2988505747126436,0.971782023760618,0.32072393203553606,0.7046730283767106,0.9280234716714848
2021-07-15,0.20058139534883726,0.3218390804597701,0.9707713048331017,0.33904621813981084,0.6782878041023048,0.9302969157895895
2021-07-16,0.22093023255813957,0.33333333333333326,0.9188767071721372,0.3512610755426607,0.6901037958425819,0.9004179913674721
2021-07-17,0.19476744186046505,0.35632183908045967,0.9142485144085116,0.44287250606403483,0.6663570939956164,0.9137058723161676
2021-07-18,0.18023255813953493,0.367816091954023,0.8583073912552214,0.32321676007693434,0.687465273415142,0.8710341745297839
2021-07-19,0.18895348837209283,0.367816091954023,0.9137081338048773,0.34153904618120884,0.6795497061328198,0.8949247556836
2021-07-20,0.1831395348837209,0.37931034482758613,0.9328722718950933,0.43925790540400794,0.6716341388504977,0.9103504501148826
2021-07-21,0.17732558139534868,0.367816091954023,0.865454573886042,0.43078893760469855,0.6584415267132943,0.8376012632526395
2021-07-22,0.18895348837209283,0.40229885057471265,0.8914499047816201,0.5363253055653218,0.6056710781644821,0.8484928136985289
2021-07-23,0.22093023255813957,0.482758620689655,0.8936871979913946,0.5324165511964095,0.5855303569683515,0.8618700928090193
2021-07-24,0.23255813953488372,0.5632183908045976,0.9307596122692324,0.6423502678220588,0.6119155812427579,0.9265352568108665
2021-07-25,0.2761627906976743,0.5402298850574712,0.9094062719735478,0.6581448262923553,0.6013614915329959,0.8877360587972836
2021-07-26,0.2790697674418603,0.5747126436781608,0.9394029779965466,0.7497562568137295,0.6013614915329959,0.9010320567122113
2021-07-27,0.2994186046511626,0.6091954022988505,0.8846261385648744,0.8144451444880064,0.6145541036701988,0.8543097515028879
2021-07-28,0.33139534883720906,0.5977011494252874,0.8481149095070553,0.8022302870851562,0.6171926260976393,0.7912641058852162
2021-07-29,0.3372093023255813,0.5632183908045976,0.8873420640362827,0.7699830635416324,0.5960844466781141,0.8305170659579691
2021-07-30,0.3488372093023254,0.5862068965517242,0.8725424925032537,0.8066276357501823,0.5587542404824731,0.7839860093212832
2021-07-31,0.36337209302325585,0.5747126436781608,0.8633146926007281,0.7821979209444822,0.5666698077647943,0.7268964595596512
2021-08-01,0.36337209302325585,0.5977011494252874,0.8632378282716364,0.8005202070487569,0.5059837919336599,0.7405389538590224
2021-08-02,0.3604651162790696,0.6091954022988505,0.8873048027066437,0.7944127783473325,0.5244534489257441,0.7465092833341263
2021-08-03,0.3662790697674418,0.5632183908045976,0.8053652935749935,0.7844414661817408,0.5086223143611008,0.6844223206623851
2021-08-04,0.3808139534883719,0.5747126436781608,0.6619973368512195,0.7749138774075174,0.49868073878627966,0.5673192178920845
2021-08-05,0.3808139534883719,0.5517241379310344,0.5803960093255683,0.6833024468861437,0.46701846965699206,0.5080594746609511
2021-08-06,0.38372093023255816,0.5517241379310344,0.5704808267711391,0.6100133024690447,0.4591029023746704,0.5225036477536519
2021-08-07,0.39244186046511603,0.5517241379310344,0.5870911950846822,0.6100133024690447,0.41160949868073893,0.5628667426584905
2021-08-08,0.4098837209302327,0.5517241379310344,0.592333022070141,0.5774403493947785,0.4063324538258572,0.5246853392509613
2021-08-09,0.4098837209302327,0.6091954022988505,0.6571650388835207,0.6914456851547107,0.4168865435356202,0.5867451934858585
2021-08-10,0.4273255813953485,0.5747126436781608,0.6126642637638761,0.642586255543311,0.4142480211081793,0.559132549470847
2021-08-11,0.45058139534883734,0.5172413793103449,0.5069152175449855,0.5530106345890784,0.4248021108179424,0.45348239296683945
2021-08-12,0.4825581395348835,0.5747126436781608,0.5536281526107076,0.5880717993565179,0.4010554089709764,0.4833979610643989
2021-08-13,0.4796511627906975,0.5402298850574712,0.4709964702824907,0.47813808273086894,0.3852242744063321,0.44998153421086895
2021-08-14,0.4825581395348835,0.5287356321839081,0.43350028901780374,0.4516725583580276,0.37730870712401043,0.4217883101635284
2021-08-15,0.4680232558139531,0.4712643678160918,0.44558229171595326,0.5168184645065605,0.33509234828496076,0.42975275366975546
2021-08-16,0.4389534883720929,0.5057471264367817,0.3864941158164573,0.508592131969947,0.35356200527704496,0.3871410017952185
2021-08-17,0.4563953488372092,0.4942528735632182,0.34527057715378673,0.41087327274714797,0.34300791556728194,0.3578637492176627
2021-08-18,0.46220930232558116,0.4712643678160918,0.299725385275715,0.30533690478652536,0.3060686015831135,0.3211646046151959
2021-08-19,0.45058139534883734,0.44827586206896547,0.3091110272911892,0.26494644297443476,0.30870712401055417,0.3204282925690671
2021-08-20,0.4593023255813952,0.367816091954023,0.25135658798711624,0.23628224426908065,0.3139841688654354,0.2729851311588317
2021-08-21,0.4767441860465116,0.34482758620689646,0.2099403739641904,0.23221062513479737,0.31134564643799456,0.21356156708305818
2021-08-22,0.4476744186046508,0.39080459770114934,0.26387368559253943,0.23163155041347705,0.3456464379947228,0.29657336870835416
2021-08-23,0.4476744186046508,0.39080459770114934,0.25237926919608283,0.2499538365177518,0.36675461741424786,0.30199634500250444
2021-08-24,0.4447674418604648,0.39080459770114934,0.2441215761030867,0.2499538365177518,0.3641160949868075,0.2952033580746515
2021-08-25,0.4593023255813952,0.40229885057471265,0.21624351471814449,0.24384640781632666,0.35092348284960406,0.27846668351592097
2021-08-26,0.44186046511627886,0.43678160919540215,0.2552890011493833,0.25264110514637866,0.35356200527704496,0.27542212774115715
2021-08-27,0.4389534883720929,0.4597701149425287,0.2665723118536353,0.25671272428066216,0.41160949868073843,0.31640328056981964
2021-08-28,0.45058139534883734,0.5287356321839081,0.2995366119849406,0.2841961534370743,0.4063324538258577,0.37149355406601525
2021-08-29,0.4447674418604648,0.5632183908045976,0.35474840516532097,0.2823265324060258,0.4538258575197891,0.4232718171547073
2021-08-30,0.4389534883720929,0.5747126436781608,0.373367036172487,0.26107268052506705,0.40897097625329804,0.4477401859029258
2021-08-31,0.4127906976744186,0.5632183908045976,0.38314297460348556,0.23664296571936738,0.41160949868073893,0.4463791313825757
2021-09-01,0.3953488372093023,0.5402298850574712,0.43878330235844853,0.25227798319501504,0.36675461741424786,0.48943820861306375
2021-09-02,0.3808139534883719,0.5517241379310344,0.4854510498341273,0.3499968424178141,0.36147757255936663,0.5132261247950978
2021-09-03,0.3575581395348836,0.5517241379310344,0.4972880220913072,0.3499968424178141,0.36147757255936663,0.487067985009587
2021-09-04,0.3430232558139535,0.5402298850574712,0.4751309121359952,0.27670769800071465,0.35356200527704496,0.4389766234883276
2021-09-05,0.313953488372093,0.5057471264367817,0.4598087574503682,,0.35356200527704496,0.43021037399772094
2021-09-06,0.3023255813953489,0.44827586206896547,0.39484055174156407,,0.37467018469657004,0.36186648749253
2021-09-07,0.2790697674418603,0.4137931034482758,0.3919547425524083,,0.37730870712401043,0.3440537909178806
2021-09-08,0.25290697674418605,0.482758620689655,0.40151115690899564,,0.4063324538258572,0.35000788827605434
2021-09-09,0.21220930232558138,0.425287356321839,0.4077776003809684,,0.4538258575197886,0.34401694224663054
2021-09-10,0.22093023255813957,0.4597701149425287,0.46148331698251577,,0.48812664907651765,0.3385312876293203
2021-09-11,0.23255813953488372,0.482758620689655,0.4632354990190644,,0.5171503957783644,0.3566682975012
2021-09-12,0.2616279069767442,0.4942528735632182,0.4799770995262034,,0.5461741424802111,0.3718070891088326
2021-09-13,0.3023255813953489,0.43678160919540215,0.4498416547266245,,0.548812664907652,0.3662023099443452
2021-09-14,0.313953488372093,0.482758620689655,0.5108102584683962,,0.5435356200527708,0.4382130791427581
2021-09-15,0.31104651162790675,0.44827586206896547,0.48522149356200533,,0.5725593667546175,0.42331023087400843
2021-09-16,0.3255813953488371,0.4597701149425287,0.4336456043585185,,0.6068601583113455,0.3919012418204239
2021-09-17,0.3052325581395348,0.44827586206896547,0.45637077175204976,,0.641160949868074,0.3897292311419243
2021-09-18,0.29069767441860445,0.40229885057471265,0.500077270866679,,0.6569920844327178,0.43245057810961735
2021-09-19,0.2790697674418603,0.33333333333333326,0.4459528849676623,,0.6569920844327178,0.33724740692041255
2021-09-20,0.26744186046511614,0.3103448275862068,0.43682898238491874,,0.651715039577836,0.3349790210231317
2021-09-21,0.2819767441860465,0.2528735632183908,0.36767468528631847,,0.6754617414248025,0.25998206191926254
2021-09-22,0.23255813953488372,0.22988505747126425,0.4151505590816339,,0.7255936675461738,0.32377833426199637
2021-09-23,0.2761627906976743,0.19540229885057459,0.33374646026021376,,0.7651715039577831,0.2587002376337124
2021-09-24,0.29360465116279066,0.17241379310344823,0.33073236023829816,,0.7625329815303428,0.2261399829981805
2021-09-25,0.2790697674418603,0.13793103448275856,0.3697094268857299,,0.7414248021108177,0.27690240746673483
2021-09-26,0.27325581395348836,0.10344827586206888,0.34499180864044354,,0.7229551451187335,0.24825260834858406
2021-09-27,0.2848837209302325,0.06896551724137921,0.3195493059275719,,0.7255936675461738,0.20798548462001995
2021-09-28,0.2994186046511626,0.10344827586206888,0.34727230135879544,,0.7704485488126649,0.2570683112751616
2021-09-29,0.35174418604651136,0.0919540229885057,0.29587222437278665,,0.8258575197889185,0.21327833416421518
2021-09-30,0.36918604651162773,0.08045977011494253,0.29049007982792374,,0.8733509234828495,0.22826494667210975
2021-10-01,0.39244186046511603,0.0919540229885057,0.2998904856725474,,0.8733509234828495,0.2809707367048341
2021-10-02,0.39825581395348825,0.11494252873563206,0.3144969362287534,,0.9102902374670184,0.303345379126102
2021-10-03,0.4156976744186046,0.1264367816091954,0.3204253554380354,,0.8786279683377307,0.3115302228222307
2021-10-04,0.41860465116279055,0.1264367816091954,0.3186113420802457,,0.8469656992084431,0.31419626219069724
2021-10-05,0.41860465116279055,0.1839080459770114,0.32114486155056443,,0.8416886543535623,0.31396870436722535
2021-10-06,0.42151162790697655,0.21839080459770108,0.367604943857883,,0.8390501319261214,0.35704733679632433
2021-10-07,0.4098837209302327,0.1839080459770114,0.30414087624222186,,0.8073878627968338,0.3351128853277621
2021-10-08,0.39825581395348825,0.2068965517241379,0.29231400464199275,,0.7704485488126649,0.361193769455405
2021-10-09,0.4040697674418602,0.2068965517241379,0.3142933058279937,,0.7467018469656994,0.34731213318444937
2021-10-10,0.4098837209302327,0.1839080459770114,0.2810773604997864,,0.7229551451187329,0.32755201366685677
2021-10-11,0.37790697674418594,0.2068965517241379,0.2885229565079002,,0.7203166226912926,0.33884759051076613
2021-10-12,0.34011627906976727,0.2068965517241379,0.2858893620680897,,0.7044854881266492,0.4046351220147387
2021-10-13,0.31686046511627897,0.2758620689655171,0.38763487686529274,0.27399171568612946,0.6833773087071237,0.5343866320775309
2021-10-14,0.29069767441860445,0.2643678160919539,0.4170673566778138,0.31674371659610434,0.6490765171503957,0.5904777061933197
2021-10-15,0.2994186046511626,0.24137931034482757,0.37428550923333503,,0.5699208443271766,0.5528315732191414
2021-10-16,0.2819767441860465,0.28735632183908044,0.3617230909829807,,0.5224274406332452,0.5482380939405287
2021-10-17,0.2848837209302325,0.2758620689655171,0.32024306770419203,,0.5065963060686018,0.5510387493328799
2021-10-18,0.2703488372093021,0.3103448275862068,0.33134292190969816,,0.4749340369393137,0.5649871817444414
2021-10-19,0.2819767441860465,0.3103448275862068,0.30826135268242094,,0.4353562005277044,0.5473190807721451
2021-10-20,0.313953488372093,0.3103448275862068,0.2529374512072238,,0.3984168865435355,0.466642551492339
2021-10-21,0.29069767441860445,0.37931034482758613,0.2577678605366691,,0.37730870712401043,0.5178117008253023
2021-10-22,0.2703488372093021,0.40229885057471265,0.27011434872625817,,0.34300791556728244,0.542931417345269
2021-10-23,0.2645348837209302,0.37931034482758613,0.2058859584350163,,0.36939313984168876,0.44728012446981436
2021-10-24,0.2994186046511626,0.367816091954023,0.18043199051596512,,0.37730870712401093,0.4184847428009691
2021-10-25,0.29360465116279066,0.367816091954023,0.1764226476861308,,0.3641160949868075,0.421761132566969
2021-10-26,0.29069767441860445,0.40229885057471265,0.21086329778329446,,0.33773087071240115,0.44054506852023567
2021-10-27,0.258720930232558,0.40229885057471265,0.2038569490083878,,0.33245382585751987,0.4496970359596566
2021-10-28,0.24418604651162787,0.425287356321839,0.19214048199646838,,0.3427804567373305,0.46665783216494316
2021-10-29,0.23546511627906969,0.4597701149425287,0.2635713009598092,,0.3216722773178056,0.4959309709832466
2021-10-30,0.2412790697674419,0.5057471264367817,0.28262138945834087,,0.29528705304339925,0.5139355071933046
2021-10-31,0.23255813953488372,0.5287356321839081,0.28643638423081813,,0.3480575015922117,0.5223687102610206
2021-11-01,0.24999999999999978,0.5517241379310344,0.29493004777305143,,0.3375034118824497,0.5256845213374799
2021-11-02,0.31104651162790675,0.5402298850574712,0.28144951587214767,,0.30320262032572115,0.5274558296053669
2021-11-03,0.3255813953488371,0.4942528735632182,0.21511568706766832,,0.2504321717769082,0.5001456887282472
2021-11-04,0.35174418604651136,0.5287356321839081,0.25371212604218724,,0.24779364934946782,0.49983133242238154
2021-11-05,0.3895348837209301,0.5057471264367817,0.24578894984406613,,0.23723955963970528,0.4891304815084916
2021-11-06,0.3953488372093023,0.5057471264367817,0.2524740049113429,,0.23987808206714592,0.48495792765759194
2021-11-07,0.3895348837209301,0.5172413793103449,0.27516494675213793,,0.260986261486671,0.5138863688513832
2021-11-08,0.3866279069767441,0.4942528735632182,0.308878595823153,,0.27681739605131483,0.526247372474196
2021-11-09,0.37499999999999994,0.4597701149425287,0.2867719970708059,,0.27905440419631905,0.44846258841453135
2021-11-10,0.3953488372093023,0.482758620689655,0.28219895750120183,,0.3159937181804877,0.4266474814334672
2021-11-11,0.4156976744186046,0.4942528735632182,0.27429701253382965,,0.3107166733256062,0.387922943823653
2021-11-12,0.3953488372093023,0.5172413793103449,0.3567889576831173,0.7551893755299565,0.3291863303176912,0.45449197295043503
2021-11-13,0.3953488372093023,0.5172413793103449,0.4086191215894441,0.7633326137985235,0.3529330321646566,0.4925873959764036
2021-11-14,0.3953488372093023,0.5057471264367817,0.460513174604228,0.690043469381424,0.3397404200274532,0.5366601950461238
2021-11-15,0.4011627906976742,0.5517241379310344,0.5032081832236404,0.7003220456848588,0.3529330321646566,0.5512760102122402
2021-11-16,0.3895348837209301,0.6436781609195401,0.590409895907831,0.7501586638884863,0.37140268915674085,0.633250732621149
2021-11-17,0.3459302325581395,0.7241379310344827,0.6363467200409232,0.7601115106611791,0.35987934631036717,0.6895350237902244
2021-11-18,0.33139534883720906,0.6666666666666667,0.6548726291944014,0.7433160817322607,0.3158160217721088,0.6809379858860648
2021-11-19,0.3575581395348836,0.6321839080459769,0.6117680820900485,0.7433160817322607,0.3448397684739563,0.6222650580141597
2021-11-20,0.36918604651162773,0.67816091954023,0.6391256237561824,0.7634248945995372,0.31845454419954944,0.6670340066308591
2021-11-21,0.33430232558139533,0.7816091954022988,0.7238665176296567,0.778184513961314,0.30526193206234625,0.7465175936198007
2021-11-22,0.35174418604651136,0.793103448275862,0.7357810182734388,0.8026142287670133,0.31317749934466843,0.7513556730699132
2021-11-23,0.35465116279069764,0.7816091954022988,0.7376380202944491,0.7971923277769731,0.28679227507026206,0.7718325813578677
2021-11-24,0.3459302325581395,0.8160919540229883,0.7877728926998551,0.8792761695241239,0.27359966293305865,0.8367135722389069
2021-11-25,0.3430232558139535,0.8390804597701149,0.795658635046249,0.8670613121212745,0.2764656441904515,0.83298752915857
2021-11-26,0.3197674418604649,0.793103448275862,0.7339662479724007,0.8263451207784417,0.286300136874548,0.782326689640657
2021-11-27,0.2994186046511626,0.7586206896551724,0.8244924770583231,0.8226058787163447,0.286434299031876,0.8608701924576156
2021-11-28,0.3081395348837208,0.7701149425287356,0.863488854064371,0.8673936891934612,0.23366385048306276,0.88933288380892
2021-11-29,0.29360465116279066,0.793103448275862,0.8589169377196366,0.8752111979312849,0.27060316446723165,0.9169795685246027
2021-11-30,0.23255813953488372,0.793103448275862,0.8952488330122824,0.8935334840355597,0.26796464203979103,0.9484463862934817
2021-12-01,0.22383720930232553,0.7701149425287356,0.855722821783383,0.8446740544241603,0.28115725417699444,0.9049956441374384
2021-12-02,0.20639534883720917,0.7816091954022988,0.872415995873763,0.8952435640719589,0.2732416868946723,0.9270752026133369
2021-12-03,0.18604651162790686,0.8505747126436781,0.9102564718284312,0.9406828336105602,0.2864342990318755,0.9433429277768394
2021-12-04,0.1744186046511627,0.8620689655172413,0.9269144254388435,0.9364483497109055,0.29434986631419763,0.9621524813436574
2021-12-05,0.16279069767441856,0.8390804597701149,0.8984626798603098,0.8387294904881064,0.25213350747514723,0.9343369308889452
2021-12-06,0.1686046511627905,0.8850574712643676,0.9115805652286979,0.8794456818309396,0.24949498504770684,0.934825085579979
2021-12-07,0.18895348837209283,0.9425287356321839,1.0,0.891660539233789,0.23142684233805877,1.0
2021-12-08,0.2034883720930232,0.8965517241379308,0.9294474348718551,0.9008216822859266,0.1918490059264492,0.9325069727276262
2021-12-09,0.2412790697674419,0.9080459770114943,0.9333648554343764,0.9081505967276365,0.202403095636212,0.9404843355791993
2021-12-10,0.22965116279069747,0.9770114942528734,0.8861513341892021,0.9218923113058427,0.25253502175758386,0.9421039032301113
2021-12-11,0.255813953488372,0.9195402298850575,0.7993312670512721,0.8078869755459109,0.25517354418502447,0.8689634064798457
2021-12-12,0.3023255813953489,1.0,0.7869154282089309,0.8960629774227334,0.27628172360454956,0.8194102901139314
2021-12-13,0.31686046511627897,0.9310344827586207,0.7516774543702743,0.8453939393072079,0.3000284254515153,0.7893177131223159
2021-12-14,0.3081395348837208,0.8505747126436781,0.7351485632875283,0.8199870359092806,0.27628172360454956,0.7639098781053402
2021-12-15,0.3488372093023254,0.8275862068965518,0.7200751850796538,0.856400790706589,0.27461245431372006,0.7559013059878098
2021-12-16,0.3720930232558137,0.8850574712643676,0.7872391242117316,0.8686156481094388,0.3028446442873346,0.7992469996925214
2021-12-17,0.38372093023255816,0.8850574712643676,0.7848267912668271,0.8686156481094393,0.287013509722691,0.8185287818997413
2021-12-18,0.3866279069767441,0.8390804597701149,0.7769000115986687,0.8810797883164289,0.300206121859894,0.794406678687944
2021-12-19,0.4389534883720929,0.7011494252873562,0.674210180890206,,0.3424224806989444,0.7017544989990332
2021-12-20,0.4156976744186046,0.7126436781609194,0.6567167082059149,,0.36089213769102857,0.7161785852549588
2021-12-21,0.4127906976744186,0.7816091954022988,0.6900266926005988,,0.38200031711055366,0.7468503903292331
2021-12-22,0.4011627906976742,0.7586206896551724,0.6506405075518474,,0.36089213769102857,0.6949842430225079
2021-12-23,0.4447674418604648,0.7011494252873562,0.6109680213105833,,0.34769952555382566,0.6328781292222327
2021-12-24,0.4767441860465116,0.689655172413793,0.5641080675578034,,0.3378650328697287,0.5974743385638117
2021-12-25,0.49127906976744196,0.6666666666666667,0.44566281559883963,,0.31926121372031646,0.4699412696326029
2021-12-26,0.4767441860465116,0.7011494252873562,0.4575676978917186,,0.3192612137203167,0.49098954443300197
2021-12-27,0.4680232558139531,0.7126436781609194,0.49152775527698395,,0.3060686015831135,0.5170724674319159
2021-12-28,0.47093023255813965,0.7011494252873562,0.4796765113864416,,0.3060686015831135,0.5241469261604487
2021-12-29,0.47093023255813965,0.689655172413793,0.5548337935832701,,0.3139841688654354,0.5883490302958636
2021-12-30,0.4970930232558139,0.6666666666666667,0.5416171339504205,,0.30870712401055417,0.5667282855942101
2021-12-31,0.5261627906976741,0.5862068965517242,0.5057522637316234,,0.33509234828496026,0.53232784234556
2022-01-01,0.5290697674418601,0.5172413793103449,0.4450401080109597,,0.34828496042216367,0.47628297948052245
2022-01-02,0.5552325581395349,0.5517241379310344,0.43449082208610634,,0.36939313984168876,0.4537045133324319
2022-01-03,0.5755813953488372,0.5172413793103449,0.39577720555598467,,0.3456464379947228,0.42168958466469264
2022-01-04,0.6075581395348834,0.4712643678160918,0.3145586406128196,,0.37203166226912915,0.34304990908434885
2022-01-05,0.6395348837209301,0.43678160919540215,0.30386221443252087,,0.3852242744063326,0.30697997110883807
2022-01-06,0.6366279069767442,0.425287356321839,0.3117552945070418,,0.4010554089709764,0.31204906917340325
2022-01-07,0.712209302325581,0.35632183908045967,0.28342010419812685,,0.39313984168865423,0.2516787595642751
2022-01-08,0.7296511627906973,0.425287356321839,0.3121069544302175,,0.39050131926121384,0.2748784580941699
2022-01-09,0.7209302325581394,0.35632183908045967,0.3229958847482607,,0.3852242744063321,0.2871753546200653
2022-01-10,0.7354651162790699,0.34482758620689646,0.30236104980324496,,0.35620052770448535,0.2923644280509044
2022-01-11,0.76453488372093,0.33333333333333326,0.26200592867361067,,0.3852242744063326,0.27666983275201107
2022-01-12,0.7790697674418604,0.34482758620689646,0.25219183884820057,,0.364116094986807,0.2509049749554267
2022-01-13,0.7936046511627902,0.2758620689655171,0.14059781757169326,,0.35883905013192624,0.16362867057512706
2022-01-14,0.8052325581395346,0.2643678160919539,0.13290080095382403,,0.36147757255936663,0.1347485904859309
2022-01-15,0.8081395348837206,0.37931034482758613,0.14954881023801336,,0.37203166226912915,0.16574508423164497
2022-01-16,0.7790697674418604,0.40229885057471265,0.16733434714829565,,0.35883905013192624,0.17671323166839
2022-01-17,0.8023255813953487,0.37931034482758613,0.14565228370536232,,0.3245382585751977,0.12480013686443948
2022-01-18,0.8226744186046511,0.2758620689655171,0.07345244749990633,,0.3456464379947228,0.03278700499052768
2022-01-19,0.8546511627906972,0.2758620689655171,0.10156710549290125,,0.3957783641160951,0.03922310888192641
2022-01-20,0.8226744186046511,0.3218390804597701,0.1267692573633956,,0.4142480211081793,0.09664337203063735
2022-01-21,0.825581395348837,0.33333333333333326,0.12099896791529922,,0.432717678100264,0.09088558029543971
2022-01-22,0.8401162790697674,0.33333333333333326,0.1291970120906416,,0.46437994722955167,0.13063625842203413
2022-01-23,0.8662790697674416,0.2758620689655171,0.08039315386959542,,0.5013192612137206,0.09075182510691746
2022-01-24,0.8924418604651159,0.2643678160919539,0.07386927807377527,,0.49340369393139843,0.07480863176365053
2022-01-25,0.9215116279069767,0.2643678160919539,0.09876321785179717,,0.49868073878627966,0.09195795983583395
2022-01-26,0.9360465116279065,0.2758620689655171,0.009840910104330348,,0.503957783641161,0.01686537521971193
2022-01-27,0.9244186046511627,0.2643678160919539,0.0,,0.5408970976253299,0.003011244647955855
2022-01-28,0.9156976744186042,0.2758620689655171,0.0007303963225278672,,0.5277044854881269,0.002816188017076232
2022-01-29,0.9127906976744182,0.3103448275862068,0.013920856014762955,0.18851311231756387,0.5303430079155673,0.023961393179802868
2022-01-30,0.9273255813953486,0.3103448275862068,0.05386487420427296,0.29844682894321256,0.5408970976253299,0.04950734871346146
2022-01-31,0.9331395348837205,0.2988505747126436,0.03012044595744317,0.2740171141375129,0.5435356200527708,0.035763655887688775
2022-02-01,0.9156976744186042,0.3218390804597701,0.011310826180436192,0.28012454283893806,0.5250659630606861,0.019898834558582712
2022-02-02,0.9156976744186042,0.39080459770114934,0.03413905178667278,0.39978028882603855,0.5356200527704486,0.04751781583961026
2022-02-03,0.880813953488372,0.43678160919540215,0.06350853725742754,0.4547471471388632,0.5382585751978894,0.07624900106687016
2022-02-04,0.8575581395348838,0.43678160919540215,0.12701277970424651,0.38145800272176383,0.5197889182058048,0.12123377832810818
2022-02-05,0.8517441860465113,0.425287356321839,0.12339641410352896,0.3568620993799708,0.5197889182058048,0.11747446049440662
2022-02-06,0.8575581395348838,0.44827586206896547,0.09921666190533118,0.37518438548424554,0.5171503957783639,0.11003580531796417
2022-02-07,0.8372093023255814,0.482758620689655,0.14617627453003149,0.4191578721345054,0.5171503957783644,0.14822022893752632
2022-02-08,0.8081395348837206,0.4942528735632182,0.17822988572178813,0.41101463386593884,0.48284960422163586,0.1403177569678422
2022-02-09,0.7877906976744183,0.43678160919540215,0.16425737723868053,0.38340396661158016,0.5408970976253299,0.15229324665347024
2022-02-10,0.773255813953488,0.5057471264367817,0.26600628290689,0.4887571117111605,0.5356200527704486,0.25477488272027093
2022-02-11,0.7558139534883721,0.5632183908045976,0.34466864778568934,0.5171753513830966,0.5356200527704486,0.3442128830696933
2022-02-12,0.767441860465116,0.425287356321839,0.3095785991050712,0.4599317592940014,0.5118733509234826,0.2886898981386226
2022-02-13,0.767441860465116,0.43678160919540215,0.32556751475938833,0.4843614740997015,0.5065963060686018,0.31577276704830237
2022-02-14,0.7819767441860463,0.4712643678160918,0.3441983970513466,0.5283349607499609,0.5435356200527702,0.3425210892637918
2022-02-15,0.8110465116279066,0.44827586206896547,0.32333107519129706,0.5100126746456857,0.5092348284960422,0.3192283933513218
2022-02-16,0.8343023255813948,0.425287356321839,0.280325711740648,0.41229381542288707,0.5065963060686018,0.27372071364949424
2022-02-17,0.8749999999999996,0.39080459770114934,0.25695795403501726,0.39177285498609926,0.4538258575197891,0.23868166856582518
2022-02-18,0.9069767441860462,0.40229885057471265,0.31000676689812917,0.4894917142088983,0.45118733509234826,0.2784376248704679
2022-02-19,0.9273255813953486,0.44827586206896547,0.3085324813287946,0.5220646672831646,0.432717678100264,0.26197248293900444
2022-02-20,0.9360465116279065,0.4597701149425287,0.33238022849914,0.5464943820888643,0.4010554089709764,0.2692480124194842
2022-02-21,0.9302325581395345,0.425287356321839,0.3306704487318544,0.549425947865548,0.38786279683377295,0.2587209240325682
2022-02-22,0.9360465116279065,0.4137931034482758,0.3257025228836192,0.5575691861341145,0.4063324538258572,0.22990096339739027
2022-02-23,0.9302325581395345,0.40229885057471265,0.3651888437822938,0.5819989009398147,0.4300791556728231,0.24084791220378646
2022-02-24,0.941860465116279,0.44827586206896547,0.40837156089616083,0.5982853774769478,0.3852242744063321,0.2804000211682991
2022-02-25,0.938953488372093,0.4712643678160918,0.4139407632350528,0.6288225209840723,0.3957783641160951,0.2977196983571311
2022-02-26,0.9505813953488369,0.4597701149425287,0.4212974494777019,0.6043928061783727,0.3957783641160951,0.29195702445083677
2022-02-27,0.9331395348837205,0.43678160919540215,0.3963031555708895,0.5677482339698232,0.39313984168865423,0.2753185363370425
2022-02-28,0.9302325581395345,0.425287356321839,0.4210732022056547,0.4944590895527242,0.38786279683377295,0.3028059615075527
2022-03-01,0.9593023255813954,0.39080459770114934,0.40861903830721763,0.4944590895527237,0.4036939313984168,0.27214654643010844
2022-03-02,0.9331395348837205,0.33333333333333326,0.40068161224461446,0.44809248798272244,0.432717678100264,0.2797307700636819
2022-03-03,0.9622093023255813,0.2988505747126436,0.3473676647480812,0.4391145677916273,0.4063324538258572,0.2320365049681785
2022-03-04,0.9331395348837205,0.3218390804597701,0.3265074543779313,0.494081426104452,0.4036939313984173,0.23654165957401885
2022-03-05,0.9331395348837205,0.2988505747126436,0.3003928868826013,0.5205469504772933,0.39313984168865423,0.23648341006447615
2022-03-06,0.9302325581395345,0.2643678160919539,0.3207738268419533,0.4289355199559191,0.3799472295514513,0.24881587683794168
2022-03-07,0.9215116279069767,0.22988505747126425,0.2659452663269254,0.3849620333056597,0.38786279683377295,0.20124400580468277
2022-03-08,0.9447674418604649,0.22988505747126425,0.25079855337360957,0.3849620333056597,0.38786279683377295,0.22663087009986219
2022-03-09,0.9447674418604649,0.24137931034482757,0.2543823646290062,0.41142755767850103,0.364116094986807,0.21833133557398507
2022-03-10,0.941860465116279,0.17241379310344823,0.18466289402201644,0.3060744125789209,0.39313984168865423,0.11974160079363194
2022-03-11,0.9622093023255813,0.17241379310344823,0.16040993051137004,0.3180399871776314,0.39050131926121334,0.06873549077787064
2022-03-12,0.9738372093023252,0.16091954022988506,0.13453759028992437,,0.39313984168865423,0.04584614543528121
2022-03-13,0.9651162790697673,0.2528735632183908,0.15994934748510822,,0.3825857519788922,0.0733102872867312
2022-03-14,0.9447674418604649,0.22988505747126425,0.1557640518591355,,0.3825857519788922,0.05510851117626991
2022-03-15,0.9244186046511627,0.2068965517241379,0.11127192288878122,,0.3852242744063326,0.0207042806101963
2022-03-16,0.8982558139534884,0.22988505747126425,0.15751866038811646,,0.39050131926121334,0.07492789630778755
2022-03-17,0.8691860465116276,0.3103448275862068,0.22748633533787097,,0.4036939313984168,0.13802105207050264
2022-03-18,0.8459302325581394,0.33333333333333326,0.23120977638638668,,0.4274406332453823,0.15597267890781905
2022-03-19,0.819767441860465,0.28735632183908044,0.22458454487080137,,0.4221635883905015,0.13168406122743406
2022-03-20,0.7877906976744183,0.2758620689655171,0.19679455913293403,,0.445910290237467,0.1069873044714984
2022-03-21,0.7877906976744183,0.3218390804597701,0.22301865041645463,,0.44854881266490787,0.11373241527749449
2022-03-22,0.76453488372093,0.33333333333333326,0.19112609847049875,,0.46965699208443246,0.09806880634122557
2022-03-23,0.7761627906976745,0.34482758620689646,0.1707026532662325,,0.4300791556728231,0.09962711426341597
2022-03-24,0.7529069767441856,0.34482758620689646,0.20978093616921722,,0.4406332453825857,0.14167066319198782
2022-03-25,0.7412790697674417,0.34482758620689646,0.2202055007087697,,0.45118733509234826,0.14390716224549302
2022-03-26,0.7441860465116277,0.35632183908045967,0.223415904370387,,0.4300791556728231,0.15021389970490706
2022-03-27,0.7441860465116277,0.37931034482758613,0.23987113205270993,,0.4248021108179419,0.1680887789842728
2022-03-28,0.7412790697674417,0.43678160919540215,0.275144421286757,,0.4248021108179419,0.19983133097691513
2022-03-29,0.7325581395348832,0.425287356321839,0.2935207454548073,,0.4300791556728231,0.21691034457474256
2022-03-30,0.7412790697674417,0.44827586206896547,0.29743200010832593,,0.3984168865435355,0.21386078249991358
2022-03-31,0.7441860465116277,0.44827586206896547,0.30246994303630076,,0.39313984168865423,0.2098117453787637
2022-04-01,0.7499999999999997,0.4597701149425287,0.3122787255048191,,0.39313984168865423,0.19665211167874963
2022-04-02,0.7529069767441856,0.44827586206896547,0.3194171294548598,,0.3957783641160951,0.18808401686103113
2022-04-03,0.7238372093023254,0.4597701149425287,0.2839119246810698,,0.4406332453825857,0.16197708050687604
2022-04-04,0.7296511627906973,0.482758620689655,0.31256108687898193,,0.4406332453825862,0.16866480508452444
2022-04-05,0.7093023255813949,0.5517241379310344,0.3823603463498107,,0.46437994722955167,0.21333812229895624
2022-04-06,0.7034883720930231,0.5402298850574712,0.38726504765202446,,0.46437994722955167,0.20884297835209487
2022-04-07,0.7267441860465114,0.5632183908045976,0.42954305998021824,,0.46437994722955167,0.249317187107757
2022-04-08,0.7296511627906973,0.5517241379310344,0.3850872118187672,,0.4195250659630611,0.2551826550040569
2022-04-09,0.7093023255813949,0.6091954022988505,0.4198661293201504,,0.4248021108179424,0.30352171491323476
2022-04-10,0.712209302325581,0.5057471264367817,0.36747690157202295,,0.39313984168865423,0.2364789259083625
2022-04-11,0.706395348837209,0.4942528735632182,0.33923298179534384,,0.36675461741424786,0.23591820336230596
2022-04-12,0.6802325581395348,0.5862068965517242,0.42118137025370106,0.5539788674657504,0.3852242744063321,0.33481290084921017
2022-04-13,0.6831395348837207,0.6321839080459769,0.42204111130883665,0.5965231327056083,0.38786279683377295,0.32808236482126096
2022-04-14,0.6773255813953488,0.5402298850574712,0.360020953840463,0.4807081884415502,0.4195250659630611,0.2645809630804123
2022-04-15,0.6976744186046512,0.5402298850574712,0.3503015701276906,0.49243445154828624,0.39313984168865423,0.23637663633077205
2022-04-16,0.7093023255813949,0.6091954022988505,0.41837910450495874,0.6069487397000037,0.3957783641160951,0.29705930543524023
2022-04-17,0.7209302325581394,0.6091954022988505,0.4101509065847468,0.5336595952829043,0.3825857519788922,0.2939394867347703
2022-04-18,0.7267441860465114,0.5862068965517242,0.3686397199991975,0.5295879761486215,0.3852242744063321,0.27497437359541205
2022-04-19,0.7296511627906973,0.5747126436781608,0.3915981685633151,0.5377312144171881,0.3825857519788922,0.28327484175895895
2022-04-20,0.6831395348837207,0.5747126436781608,0.4946448063654214,0.5377312144171881,0.37203166226912915,0.3509848422927075
2022-04-21,0.6831395348837207,0.5517241379310344,0.44086871772048875,0.5153373091786295,0.37203166226912915,0.28632042144755504
2022-04-22,0.6860465116279068,0.5402298850574712,0.43022898516484614,0.5312980561850198,0.35620052770448535,0.30644329738124887
2022-04-23,0.6773255813953488,0.5517241379310344,0.44712303515206403,0.5577635805578616,0.35356200527704496,0.33995718776021644
2022-04-24,0.6802325581395348,0.5402298850574712,0.447242909179231,0.5455487231550118,0.37730870712401043,0.3358781866705063
2022-04-25,0.6656976744186044,0.5057471264367817,0.42023876753567235,0.5129757700807456,0.36939313984168876,0.2957745286993069
2022-04-26,0.6656976744186044,0.5632183908045976,0.4532426678413925,0.614683154169781,0.36147757255936663,0.33935745775529125
2022-04-27,0.6627906976744184,0.5632183908045976,0.4620899465090783,0.6330054402740563,0.37467018469657004,0.325962429848821
2022-04-28,0.6424418604651161,0.5632183908045976,0.4853144181219591,0.6447317033807918,0.3852242744063321,0.37076106667946673
2022-04-29,0.6569767441860465,0.5402298850574712,0.4476169614335936,0.6369141946429681,0.364116094986807,0.36740567697757925
2022-04-30,0.6191860465116278,0.5287356321839081,0.4696756762475744,0.6450574329115342,0.35092348284960406,0.397952910978238
2022-05-01,0.6220930232558138,0.5402298850574712,0.4775589876893566,0.7102033390600675,0.33773087071240115,0.40325584003222537
2022-05-02,0.6249999999999998,0.5172413793103449,0.4597334929583372,0.6918810529557923,0.3218997361477571,0.39354571842073394
2022-05-03,0.645348837209302,0.43678160919540215,0.3463541305616544,0.6384976020840781,0.2981530343007914,0.2913016498107906
2022-05-04,0.6627906976744184,0.5057471264367817,0.3850390566682326,0.692785857207855,0.2981530343007916,0.338323751651956
2022-05-05,0.6686046511627903,0.5402298850574712,0.36266850089408603,0.7148473853742272,0.2981530343007914,0.32325724983175413
2022-05-06,0.6395348837209301,0.5172413793103449,0.37162008521783335,0.7005967184042358,0.36675461741424786,0.29909200772949585
2022-05-07,0.6424418604651161,0.5057471264367817,0.3786445115539799,0.7401728563894691,0.37203166226912915,0.29982157291911943
2022-05-08,0.6540697674418605,0.5287356321839081,0.4050335580821343,0.7768174285980189,0.3825857519788917,0.32097608168302205
2022-05-09,0.6715116279069763,0.5402298850574712,0.42923329749270556,0.8012471434037182,0.39313984168865423,0.3249662148982031
2022-05-10,0.6947674418604651,0.5057471264367817,0.40747328260674154,0.7876886516865553,0.38786279683377295,0.2770972238601605
2022-05-11,0.6773255813953488,0.44827586206896547,0.40479900830934934,0.7532876247152636,0.3456464379947228,0.30237589995879866
2022-05-12,0.6889534883720927,0.4712643678160918,0.46074523496544734,0.8510064839380622,0.329815303430079,0.3255607943145911
2022-05-13,0.6715116279069763,0.5172413793103449,0.5110746766223597,0.8504274092167424,0.35620052770448535,0.3664671523921062
2022-05-14,0.6686046511627903,0.4712643678160918,0.48189725855191345,0.827524551586399,0.33509234828496026,0.34617354984999965
2022-05-15,0.6947674418604651,0.482758620689655,0.489476532680567,0.9252434108091981,0.34300791556728194,0.347384108213892
2022-05-16,0.6976744186046512,0.4597701149425287,0.4996198354075652,0.8885988386006483,0.34300791556728244,0.3385486954268214
2022-05-17,0.6802325581395348,0.5057471264367817,0.5273620382893071,0.9374582682120476,0.33245382585751987,0.3664891521340651
2022-05-18,0.7093023255813949,0.5747126436781608,0.4865528184091751,0.9719041660880844,0.3641160949868075,0.3979920488712906
2022-05-19,0.7209302325581394,0.5747126436781608,0.43893606929975343,0.9719041660880844,0.38786279683377295,0.39557193931594803
2022-05-20,0.7151162790697675,0.5517241379310344,0.43957175526991166,0.9640866573502602,0.37203166226912915,0.37317227875808284
2022-05-21,0.7180232558139534,0.5287356321839081,0.40885301091103693,0.9457643712459856,0.36939313984168876,0.32402159722357643
2022-05-22,0.6889534883720927,0.5402298850574712,0.42266069300776765,0.9396569425445606,0.34300791556728194,0.34385561638904283
2022-05-23,0.706395348837209,0.5517241379310344,0.46008091866211237,0.9844447530216767,0.35356200527704496,0.3679477536656857
2022-05-24,0.706395348837209,0.5287356321839081,0.40824754529982965,1.0,0.37203166226912915,0.3272555735272275
2022-05-25,0.6744186046511629,0.5172413793103449,0.430291167589386,0.9877851425971497,0.35620052770448535,0.3603874444941876
2022-05-26,0.6686046511627903,0.4942528735632182,0.40775775983842066,0.9473946807850598,0.37203166226912915,0.31479188319536383
2022-05-27,0.6598837209302325,0.4712643678160918,0.41943139198878865,0.8496758215622612,0.37730870712401043,0.3053715799655385
2022-05-28,0.6773255813953488,0.6091954022988505,0.41496351435186346,0.8122834009412918,0.37203166226912915,0.2975522039591371
2022-05-29,0.6744186046511629,0.6206896551724137,0.4418764665031935,0.8570712114184074,0.33509234828496076,0.33679769641554297
2022-05-30,0.6918604651162786,0.6321839080459769,0.45207712987338683,0.8815009262241075,0.33245382585751987,0.34871018400377235
2022-05-31,0.6860465116279068,0.67816091954023,0.4931506909303205,0.9222171175669402,0.31134564643799456,0.41908726119996653
2022-06-01,0.6598837209302325,0.5862068965517242,0.46252318124387054,0.802782956294631,0.2823218997361478,0.36746393424263346
2022-06-02,0.6337209302325583,0.6206896551724137,0.526952748252552,0.8122357602276115,0.25065963060686014,0.4291230578001534
2022-06-03,0.645348837209302,0.6436781609195401,0.5092044491290985,0.7939134741233367,0.1952506596306068,0.4180645463433224
2022-06-04,0.6046511627906974,0.6206896551724137,0.5162311536276001,0.7572689019147871,0.17150395778364108,0.40882053055331063
2022-06-05,0.5872093023255811,0.5977011494252874,0.4905159408414089,0.6473351852891382,0.18205804749340362,0.4019062590978844
2022-06-06,0.5639534883720928,0.6206896551724137,0.5006106610069729,0.6668789571336979,0.1952506596306068,0.43339073171835
2022-06-07,0.5377906976744186,0.6091954022988505,0.5435181408693384,0.6529540196944493,0.17414248021108172,0.4895076475423232
2022-06-08,0.5406976744186045,0.6206896551724137,0.5139193706878563,0.6448107814258823,0.17414248021108172,0.43094435506686823
2022-06-09,0.5319767441860466,0.7586206896551724,0.6039906567734056,0.6617487170245011,0.17678100263852237,0.5567967261677511
2022-06-10,0.5174418604651162,0.7586206896551724,0.5805745040551983,0.6762255850575084,0.13192612137203155,0.574863550799443
2022-06-11,0.49999999999999983,0.7701149425287356,0.6346735184865135,0.690150522496757,0.13456464379947242,0.6091016013064229
2022-06-12,0.48546511627906946,0.7586206896551724,0.6648950432443289,0.6657208076910578,0.10290237467018455,0.6280168661683123
2022-06-13,0.4796511627906975,0.7586206896551724,0.6465747587398776,0.6657208076910578,0.09762532981530328,0.6278663046501736
2022-06-14,0.5029069767441858,0.7356321839080457,0.5951672412299159,0.6351836641839328,0.08707124010554074,0.5894052455060583
2022-06-15,0.5174418604651162,0.67816091954023,0.5617124019026508,0.626388966853881,0.07915567282321907,0.5248634947995704
2022-06-16,0.4825581395348835,0.6436781609195401,0.5925040001979716,0.5347775363325072,0.0844327176781001,0.5466422263691212
2022-06-17,0.46511627906976716,0.67816091954023,0.6090247075929182,0.5266342980639402,0.07651715039577844,0.5454215844903076
2022-06-18,0.46511627906976716,0.7011494252873562,0.6230600925789774,0.544956584168215,0.0738786279683378,0.5725245343839208
2022-06-19,0.49127906976744196,0.7241379310344827,0.6333924612572783,0.567350489406773,0.05013192612137208,0.5822131139524743
2022-06-20,0.4883720930232554,0.689655172413793,0.5978567361194418,0.45741677278112414,0.029023746701846993,0.5760962388389843
2022-06-21,0.46220930232558116,0.7126436781609194,0.6348973529957163,0.4298959512040912,0.03166226912928763,0.6067906995416065
2022-06-22,0.4796511627906975,0.7586206896551724,0.6506142727742622,0.45183283796839285,0.03166226912928763,0.6599019881476286
2022-06-23,0.4970930232558139,0.7816091954022988,0.6756120153536626,0.5039495628872193,0.01319261213720343,0.7081186437766271
2022-06-24,0.5058139534883718,0.793103448275862,0.6862954709685234,0.5772387073043187,0.0,0.7324144577996707
2022-06-25,0.5029069767441858,0.689655172413793,0.7135689295039991,0.6468783514688109,0.026385224274406358,0.7325036695286482
2022-06-26,0.5174418604651162,0.6666666666666667,0.7017382752688792,0.6102337792602615,0.023746701846965472,0.6957845226000126
2022-06-27,0.5058139534883718,0.6436781609195401,0.6964081660585412,0.5125149200374628,0.023746701846965722,0.6962631762972269
2022-06-28,0.49127906976744196,0.6551724137931032,0.7500561045652075,0.4897470905926944,0.039577836411609786,0.7248488994883194
2022-06-29,0.5058139534883718,0.67816091954023,0.7058455754158679,0.5874659498154939,0.07651715039577844,0.716493382234445
2022-06-30,0.5290697674418601,0.6091954022988505,0.61405992082054,0.5559516177161413,0.07915567282321907,0.6449656701099372
2022-07-01,0.5261627906976741,0.5747126436781608,0.649297823886572,0.580381332521841,0.10554089709762543,0.6471729550296818
2022-07-02,0.5436046511627904,0.6321839080459769,0.6888033709555573,0.6267479340918423,0.11873350923482862,0.6982613670126536
2022-07-03,0.5494186046511624,0.6206896551724137,0.6890202853212298,0.6267479340918423,0.11873350923482862,0.6858798273940897
2022-07-04,0.5668604651162787,0.6091954022988505,0.6935045542789438,0.6194190196501324,0.08970976253298162,0.6742186464184916
2022-07-05,0.5697674418604647,0.7011494252873562,0.6432047394729734,0.5868460665758661,0.07651715039577844,0.6250447078583756
2022-07-06,0.5668604651162787,0.689655172413793,0.6800593258602635,0.5949893048444327,0.06332453825857501,0.6627891042788516
2022-07-07,0.5639534883720928,0.5747126436781608,0.6335129078353555,0.597595141090374,0.05013192612137208,0.5849520188527169
2022-07-08,0.5726744186046513,0.4942528735632182,0.61919370436953,0.5514501242351638,0.06332453825857526,0.548790750520562
2022-07-09,0.5639534883720928,0.4712643678160918,0.5495887008369907,0.5110596624230734,0.07915567282321907,0.5093638955363087
2022-07-10,0.5552325581395349,0.482758620689655,0.5779570073445238,0.5354893772287731,0.10026385224274416,0.5412973114702323
2022-07-11,0.5465116279069764,0.5172413793103449,0.5944310540200344,0.5677366007722968,0.12137203166226924,0.5461363868923003
2022-07-12,0.5436046511627904,0.5057471264367817,0.5761474765051962,0.5738440294737214,0.1108179419525067,0.5281087296306036
2022-07-13,0.5116279069767443,0.5747126436781608,0.6369459271309764,0.5219965025141867,0.10026385224274416,0.5571479720349654
2022-07-14,0.5406976744186045,0.6436781609195401,0.6467264825723319,0.6296866739025774,0.07124010554089717,0.5815823802396783
2022-07-15,0.5697674418604647,0.6436781609195401,0.6874394255922922,0.654116388708277,0.06860158311345628,0.6342617012176365
2022-07-16,0.5697674418604647,0.67816091954023,0.710867522309599,0.6821607041740041,0.05804749340369399,0.6575910093056764
2022-07-17,0.5552325581395349,0.6436781609195401,0.6991986332022067,0.6333012745626048,0.09762532981530353,0.6591760994099575
2022-07-18,,,,,,
2022-07-19,,,,,,
2022-07-20,,,,,,
2022-07-21,,,,,,
2022-07-22,,,,,,
2022-07-23,,,,,,
2022-07-24,,,,,,
2022-07-25,,,,,,
2022-07-26,,,,,,
2022-07-27,,,,,,
2022-07-28,,,,,,
2022-07-29,,,,,,
2022-07-30,,,,,,
