Date;ConfirmedCases;ConfirmedDeaths;StringencyIndex;StringencyIndexForDisplay;StringencyLegacyIndex;StringencyLegacyIndexForDisplay;GovernmentResponseIndex;GovernmentResponseIndexForDisplay;ContainmentHealthIndex;ContainmentHealthIndexForDisplay;EconomicSupportIndex;EconomicSupportIndexForDisplay
01.01.2020;;;0;0;0;0;0;0;0;0;0;0
02.01.2020;;;0;0;0;0;0;0;0;0;0;0
03.01.2020;;;0;0;0;0;0;0;0;0;0;0
04.01.2020;;;0;0;0;0;0;0;0;0;0;0
05.01.2020;;;0;0;0;0;0;0;0;0;0;0
06.01.2020;;;0;0;0;0;0;0;0;0;0;0
07.01.2020;;;0;0;0;0;0;0;0;0;0;0
08.01.2020;;;0;0;0;0;0;0;0;0;0;0
09.01.2020;;;0;0;0;0;0;0;0;0;0;0
10.01.2020;;;0;0;0;0;0;0;0;0;0;0
11.01.2020;;;0;0;0;0;0;0;0;0;0;0
12.01.2020;;;0;0;0;0;0;0;0;0;0;0
13.01.2020;;;0;0;0;0;0;0;0;0;0;0
14.01.2020;;;0;0;0;0;0;0;0;0;0;0
15.01.2020;;;0;0;0;0;0;0;0;0;0;0
16.01.2020;;;0;0;0;0;0;0;0;0;0;0
17.01.2020;;;0;0;0;0;0;0;0;0;0;0
18.01.2020;;;0;0;0;0;0;0;0;0;0;0
19.01.2020;;;0;0;0;0;0;0;0;0;0;0
20.01.2020;;;0;0;0;0;0;0;0;0;0;0
21.01.2020;;;0;0;0;0;0;0;0;0;0;0
22.01.2020;;;0;0;0;0;0;0;0;0;0;0
23.01.2020;;;0;0;0;0;0;0;0;0;0;0
24.01.2020;;;0;0;0;0;0;0;0;0;0;0
25.01.2020;;;0;0;0;0;0;0;0;0;0;0
26.01.2020;;;0;0;0;0;0;0;0;0;0;0
27.01.2020;;;0;0;0;0;0;0;0;0;0;0
28.01.2020;;;0;0;0;0;0;0;0;0;0;0
29.01.2020;;;0;0;0;0;0;0;0;0;0;0
30.01.2020;;;0;0;0;0;0;0;0;0;0;0
31.01.2020;;;0;0;0;0;0;0;0;0;0;0
01.02.2020;;;0;0;0;0;0;0;0;0;0;0
02.02.2020;;;0;0;0;0;0;0;0;0;0;0
03.02.2020;;;0;0;0;0;0;0;0;0;0;0
04.02.2020;;;0;0;0;0;0;0;0;0;0;0
05.02.2020;;;0;0;0;0;0;0;0;0;0;0
06.02.2020;;;0;0;0;0;0;0;0;0;0;0
07.02.2020;;;0;0;0;0;0;0;0;0;0;0
08.02.2020;;;0;0;0;0;0;0;0;0;0;0
09.02.2020;;;0;0;0;0;0;0;0;0;0;0
10.02.2020;;;0;0;0;0;0;0;0;0;0;0
11.02.2020;;;0;0;0;0;0;0;0;0;0;0
12.02.2020;;;0;0;0;0;0;0;0;0;0;0
13.02.2020;;;0;0;0;0;208;208;238;238;0;0
14.02.2020;;;0;0;0;0;208;208;238;238;0;0
15.02.2020;;;0;0;0;0;208;208;238;238;0;0
16.02.2020;;;0;0;0;0;208;208;238;238;0;0
17.02.2020;;;0;0;0;0;208;208;238;238;0;0
18.02.2020;;;0;0;0;0;208;208;238;238;0;0
19.02.2020;;;0;0;0;0;208;208;238;238;0;0
20.02.2020;;;0;0;0;0;208;208;238;238;0;0
21.02.2020;;;0;0;0;0;208;208;238;238;0;0
22.02.2020;;;0;0;0;0;208;208;238;238;0;0
23.02.2020;;;0;0;0;0;208;208;238;238;0;0
24.02.2020;;;0;0;0;0;208;208;238;238;0;0
25.02.2020;;;0;0;0;0;208;208;238;238;0;0
26.02.2020;;;1111;1111;1429;1429;833;833;952;952;0;0
27.02.2020;;;1111;1111;1429;1429;833;833;952;952;0;0
28.02.2020;;;1111;1111;1429;1429;833;833;952;952;0;0
29.02.2020;;;1111;1111;1429;1429;833;833;952;952;0;0
01.03.2020;;;1111;1111;1429;1429;833;833;952;952;0;0
02.03.2020;;;1111;1111;1429;1429;990;990;1131;1131;0;0
03.03.2020;;;1111;1111;1429;1429;990;990;1131;1131;0;0
04.03.2020;;;1111;1111;1429;1429;990;990;1131;1131;0;0
05.03.2020;1;0;1111;1111;1429;1429;990;990;1131;1131;0;0
06.03.2020;2;0;1111;1111;1429;1429;990;990;1131;1131;0;0
07.03.2020;2;0;1111;1111;1429;1429;990;990;1131;1131;0;0
08.03.2020;3;0;1111;1111;1429;1429;990;990;1131;1131;0;0
09.03.2020;3;0;1111;1111;1429;1429;990;990;1131;1131;0;0
10.03.2020;3;0;1111;1111;1429;1429;990;990;1131;1131;0;0
11.03.2020;3;0;1111;1111;1429;1429;990;990;1131;1131;0;0
12.03.2020;15;0;1111;1111;1429;1429;990;990;1131;1131;0;0
13.03.2020;15;0;5926;5926;6429;6429;3490;3490;3988;3988;0;0
14.03.2020;15;0;5926;5926;6429;6429;3490;3490;3988;3988;0;0
15.03.2020;24;0;5926;5926;6429;6429;3490;3490;3988;3988;0;0
16.03.2020;25;0;6111;6111;6786;6786;3594;3594;4107;4107;0;0
17.03.2020;25;0;8056;8056;8810;8810;4688;4688;5357;5357;0;0
18.03.2020;63;0;8056;8056;8810;8810;4688;4688;5357;5357;0;0
19.03.2020;66;2;8056;8056;8810;8810;4688;4688;5357;5357;0;0
20.03.2020;66;2;8333;8333;8810;8810;4844;4844;5536;5536;0;0
21.03.2020;119;3;8333;8333;8810;8810;4844;4844;5536;5536;0;0
22.03.2020;186;3;8333;8333;8810;8810;4844;4844;5536;5536;0;0
23.03.2020;233;4;8333;8333;8810;8810;4844;4844;5536;5536;0;0
24.03.2020;305;6;8333;8333;8810;8810;4844;4844;5536;5536;0;0
25.03.2020;370;8;8333;8333;8810;8810;4844;4844;5536;5536;0;0
26.03.2020;421;9;8333;8333;8810;8810;4844;4844;5536;5536;0;0
27.03.2020;493;10;8611;8611;9167;9167;5000;5000;5714;5714;0;0
28.03.2020;558;13;8611;8611;9167;9167;5000;5000;5714;5714;0;0
29.03.2020;600;17;8611;8611;9167;9167;5000;5000;5714;5714;0;0
30.03.2020;657;18;8889;8889;9643;9643;5156;5156;5893;5893;0;0
31.03.2020;708;23;8889;8889;9643;9643;5156;5156;5893;5893;0;0
01.04.2020;832;28;8889;8889;9643;9643;5938;5938;5893;5893;6250;6250
02.04.2020;992;41;8889;8889;9643;9643;5938;5938;5893;5893;6250;6250
03.04.2020;1074;47;8889;8889;9643;9643;5938;5938;5893;5893;6250;6250
04.04.2020;1246;58;8889;8889;9643;9643;5938;5938;5893;5893;6250;6250
05.04.2020;1394;64;8889;8889;9643;9643;5938;5938;5893;5893;6250;6250
06.04.2020;1461;71;8889;8889;9643;9643;5938;5938;5893;5893;6250;6250
07.04.2020;1688;89;8704;8704;9286;9286;5833;5833;5774;5774;6250;6250
08.04.2020;1938;106;8704;8704;9286;9286;5833;5833;5774;5774;6250;6250
09.04.2020;2216;122;8704;8704;9286;9286;5833;5833;5774;5774;6250;6250
10.04.2020;2464;147;8704;8704;9286;9286;5833;5833;5774;5774;6250;6250
11.04.2020;2607;155;8704;8704;9286;9286;5833;5833;5774;5774;6250;6250
12.04.2020;2855;170;8704;8704;9286;9286;5833;5833;5774;5774;6250;6250
13.04.2020;3221;182;8704;8704;9286;9286;5833;5833;5774;5774;6250;6250
14.04.2020;3410;224;8704;8704;9286;9286;5833;5833;5774;5774;6250;6250
15.04.2020;3743;265;8704;8704;9286;9286;5833;5833;5774;5774;6250;6250
16.04.2020;3944;301;8704;8704;9286;9286;5833;5833;5774;5774;6250;6250
17.04.2020;4349;341;8704;8704;9286;9286;5833;5833;5774;5774;6250;6250
18.04.2020;4543;387;8704;8704;9286;9286;5833;5833;5774;5774;6250;6250
19.04.2020;4675;402;8704;8704;9286;9286;5833;5833;5774;5774;6250;6250
20.04.2020;4899;422;8704;8704;9286;9286;5833;5833;5774;5774;6250;6250
21.04.2020;5306;461;8704;8704;9286;9286;5833;5833;5774;5774;6250;6250
22.04.2020;5552;490;8704;8704;9286;9286;5833;5833;5774;5774;6250;6250
23.04.2020;6172;530;8704;8704;9286;9286;5833;5833;5774;5774;6250;6250
24.04.2020;6282;570;8704;8704;9286;9286;6224;6224;6220;6220;6250;6250
25.04.2020;6828;615;8704;8704;9286;9286;6224;6224;6220;6220;6250;6250
26.04.2020;7111;645;8704;8704;9286;9286;6224;6224;6220;6220;6250;6250
27.04.2020;7944;677;8704;8704;9286;9286;6224;6224;6220;6220;6250;6250
28.04.2020;8504;738;8704;8704;9286;9286;6224;6224;6220;6220;6250;6250
29.04.2020;8869;794;8704;8704;9286;9286;6224;6224;6220;6220;6250;6250
30.04.2020;9453;854;8704;8704;9286;9286;6224;6224;6220;6220;6250;6250
01.05.2020;10166;921;8704;8704;9286;9286;6224;6224;6220;6220;6250;6250
02.05.2020;10546;971;8704;8704;9286;9286;6224;6224;6220;6220;6250;6250
03.05.2020;11139;1019;8704;8704;9286;9286;6224;6224;6220;6220;6250;6250
04.05.2020;11721;1065;8704;8704;9286;9286;6224;6224;6220;6220;6250;6250
05.05.2020;12391;1123;8704;8704;9286;9286;6224;6224;6220;6220;6250;6250
06.05.2020;13295;1205;8704;8704;9286;9286;6641;6641;6696;6696;6250;6250
07.05.2020;14156;1394;8704;8704;9286;9286;6849;6849;6935;6935;6250;6250
08.05.2020;15741;1503;8704;8704;9286;9286;6849;6849;6935;6935;6250;6250
09.05.2020;16929;1653;8704;8704;9286;9286;6849;6849;6935;6935;6250;6250
10.05.2020;17062;1714;8704;8704;9286;9286;6849;6849;6935;6935;6250;6250
11.05.2020;17939;1770;8889;8889;9286;9286;6953;6953;7054;7054;6250;6250
12.05.2020;18486;1928;8889;8889;9286;9286;6953;6953;7054;7054;6250;6250
13.05.2020;18728;2050;8889;8889;9286;9286;6953;6953;7054;7054;6250;6250
14.05.2020;19467;2247;8889;8889;9286;9286;6953;6953;7054;7054;6250;6250
15.05.2020;19987;2438;8889;8889;9286;9286;6953;6953;7054;7054;6250;6250
16.05.2020;21601;2614;8889;8889;9286;9286;6953;6953;7054;7054;6250;6250
17.05.2020;22238;2715;8889;8889;9286;9286;6953;6953;7054;7054;6250;6250
18.05.2020;26665;2852;8889;8889;9286;9286;6953;6953;7054;7054;6250;6250
19.05.2020;27805;3079;8889;8889;9286;9286;6953;6953;7054;7054;6250;6250
20.05.2020;30372;3237;8889;8889;9286;9286;6953;6953;7054;7054;6250;6250
21.05.2020;32089;3412;8889;8889;9286;9286;7031;7031;7143;7143;6250;6250
22.05.2020;33589;3657;8889;8889;9286;9286;7031;7031;7143;7143;6250;6250
23.05.2020;34533;3905;8889;8889;9286;9286;7031;7031;7143;7143;6250;6250
24.05.2020;37912;3993;8889;8889;9286;9286;7031;7031;7143;7143;6250;6250
25.05.2020;39298;4105;8889;8889;9286;9286;7031;7031;7143;7143;6250;6250
26.05.2020;40024;4361;8889;8889;9286;9286;7031;7031;7143;7143;6250;6250
27.05.2020;42398;4605;8889;8889;9286;9286;7031;7031;7143;7143;6250;6250
28.05.2020;44886;4856;8889;8889;9286;9286;7031;7031;7143;7143;6250;6250
29.05.2020;47953;5079;8889;8889;9286;9286;7031;7031;7143;7143;6250;6250
30.05.2020;52420;5277;8889;8889;9286;9286;7031;7031;7143;7143;6250;6250
31.05.2020;53388;5344;8889;8889;9286;9286;7031;7031;7143;7143;6250;6250
01.06.2020;54530;5462;8704;8704;9286;9286;6927;6927;7024;7024;6250;6250
02.06.2020;56732;5686;8704;8704;9286;9286;6927;6927;7024;7024;6250;6250
03.06.2020;59240;6010;8704;8704;9286;9286;6927;6927;7024;7024;6250;6250
04.06.2020;60932;6327;8704;8704;9286;9286;6927;6927;7024;7024;6250;6250
05.06.2020;63066;6473;8889;8889;9643;9643;7344;7344;7143;7143;8750;8750
06.06.2020;64533;6639;8889;8889;9643;9643;7344;7344;7143;7143;8750;8750
07.06.2020;67756;6707;8889;8889;9643;9643;7344;7344;7143;7143;8750;8750
08.06.2020;69499;6781;8889;8889;9643;9643;7344;7344;7143;7143;8750;8750
09.06.2020;72979;6928;8889;8889;9643;9643;7344;7344;7143;7143;8750;8750
10.06.2020;74373;7138;8889;8889;9643;9643;7344;7344;7143;7143;8750;8750
11.06.2020;75775;7363;8889;8889;9643;9643;7344;7344;7143;7143;8750;8750
12.06.2020;77784;7417;8889;8889;9643;9643;7344;7344;7143;7143;8750;8750
13.06.2020;78836;7592;8889;8889;9643;9643;7344;7344;7143;7143;8750;8750
14.06.2020;79572;7672;8889;8889;9643;9643;7344;7344;7143;7143;8750;8750
15.06.2020;80946;7728;8889;8889;9643;9643;7344;7344;7143;7143;8750;8750
16.06.2020;83343;7967;8889;8889;9643;9643;7344;7344;7143;7143;8750;8750
17.06.2020;86963;8138;8889;8889;9643;9643;7344;7344;7143;7143;8750;8750
18.06.2020;87317;8412;8889;8889;9643;9643;7344;7344;7143;7143;8750;8750
19.06.2020;93378;8595;7778;7778;8214;8214;6719;6719;6429;6429;8750;8750
20.06.2020;95537;8824;7778;7778;8214;8214;6719;6719;6429;6429;8750;8750
21.06.2020;96133;8875;7778;7778;8214;8214;6719;6719;6429;6429;8750;8750
22.06.2020;97572;8933;7778;7778;8214;8214;6719;6719;6429;6429;8750;8750
23.06.2020;100869;9153;7778;7778;8214;8214;6719;6719;6429;6429;8750;8750
24.06.2020;103493;9295;7778;7778;8214;8214;6719;6719;6429;6429;8750;8750
25.06.2020;105897;9450;7778;7778;8214;8214;6719;6719;6429;6429;8750;8750
26.06.2020;108497;9587;7778;7778;8214;8214;6719;6719;6429;6429;8750;8750
27.06.2020;108803;9789;7778;7778;8214;8214;6719;6719;6429;6429;8750;8750
28.06.2020;111298;9819;7778;7778;8214;8214;6719;6719;6429;6429;8750;8750
29.06.2020;111883;9848;7778;7778;8214;8214;6719;6719;6429;6429;8750;8750
30.06.2020;112611;10080;7778;7778;8214;8214;6719;6719;6429;6429;8750;8750
01.07.2020;115278;10198;7778;7778;8214;8214;6719;6719;6429;6429;8750;8750
02.07.2020;116823;10332;7778;7778;8214;8214;6719;6719;6429;6429;8750;8750
03.07.2020;118956;10500;7778;7778;8214;8214;6719;6719;6429;6429;8750;8750
04.07.2020;120428;10624;7778;7778;8214;8214;6719;6719;6429;6429;8750;8750
05.07.2020;121292;10667;7778;7778;8214;8214;6719;6719;6429;6429;8750;8750
06.07.2020;121879;10698;7778;7778;8214;8214;6719;6719;6429;6429;8750;8750
07.07.2020;124086;10881;7778;7778;8214;8214;6719;6719;6429;6429;8750;8750
08.07.2020;126329;10970;7778;7778;8214;8214;6719;6719;6429;6429;8750;8750
09.07.2020;128324;11115;7778;7778;8214;8214;6719;6719;6429;6429;8750;8750
10.07.2020;129443;11280;7778;7778;8214;8214;6719;6719;6429;6429;8750;8750
11.07.2020;129675;11406;7778;7778;8214;8214;6719;6719;6429;6429;8750;8750
12.07.2020;129684;11415;7593;7593;8214;8214;6615;6615;6310;6310;8750;8750
13.07.2020;132044;11474;7593;7593;8214;8214;6615;6615;6310;6310;8750;8750
14.07.2020;132822;11624;7593;7593;8214;8214;6615;6615;6310;6310;8750;8750
15.07.2020;134449;11757;7593;7593;8214;8214;6615;6615;6310;6310;8750;8750
16.07.2020;134573;11849;7593;7593;8214;8214;6615;6615;6310;6310;8750;8750
17.07.2020;135230;11919;7593;7593;8214;8214;6615;6615;6310;6310;8750;8750
18.07.2020;135230;11919;7593;7593;8214;8214;6615;6615;6310;6310;8750;8750
19.07.2020;138524;12114;7593;7593;8214;8214;6615;6615;6310;6310;8750;8750
20.07.2020;141005;12161;7593;7593;8214;8214;6615;6615;6310;6310;8750;8750
21.07.2020;145121;12293;7593;7593;8214;8214;6615;6615;6310;6310;8750;8750
22.07.2020;148623;12443;7593;7593;8214;8214;6615;6615;6310;6310;8750;8750
23.07.2020;151549;12535;7593;7593;8214;8214;6615;6615;6310;6310;8750;8750
24.07.2020;154879;12654;7593;7593;8214;8214;6615;6615;6310;6310;8750;8750
25.07.2020;156293;12808;7593;7593;8214;8214;6615;6615;6310;6310;8750;8750
26.07.2020;156325;12835;7593;7593;8214;8214;6615;6615;6310;6310;8750;8750
27.07.2020;157834;12876;7593;7593;8214;8214;6615;6615;6310;6310;8750;8750
28.07.2020;159639;13033;7593;7593;8214;8214;6615;6615;6310;6310;8750;8750
29.07.2020;161647;13198;6759;6759;7143;7143;6146;6146;5774;5774;8750;8750
30.07.2020;163642;13348;6759;6759;7143;7143;6146;6146;5774;5774;8750;8750
31.07.2020;165495;13477;6759;6759;7143;7143;6146;6146;5774;5774;8750;8750
01.08.2020;167213;13556;6759;6759;7143;7143;6146;6146;5774;5774;8750;8750
02.08.2020;167225;13572;6759;6759;7143;7143;6146;6146;5774;5774;8750;8750
03.08.2020;168064;13604;6574;6574;7143;7143;6042;6042;5655;5655;8750;8750
04.08.2020;168911;13715;6435;6435;7143;7143;5964;5964;5565;5565;8750;8750
05.08.2020;172679;13855;6435;6435;7143;7143;5964;5964;5565;5565;8750;8750
06.08.2020;174064;13941;6435;6435;7143;7143;5964;5964;5565;5565;8750;8750
07.08.2020;175696;14028;6435;6435;7143;7143;5964;5964;5565;5565;8750;8750
08.08.2020;178524;14070;6435;6435;7143;7143;5964;5964;5565;5565;8750;8750
09.08.2020;178850;14080;6435;6435;7143;7143;5964;5964;5565;5565;8750;8750
10.08.2020;180016;14108;6435;6435;7143;7143;5964;5964;5565;5565;8750;8750
11.08.2020;182563;14212;6435;6435;7143;7143;5964;5964;5565;5565;8750;8750
12.08.2020;185610;14295;6435;6435;7143;7143;5964;5964;5565;5565;8750;8750
13.08.2020;188085;14412;6435;6435;7143;7143;5964;5964;5565;5565;8750;8750
14.08.2020;189891;14507;6435;6435;7143;7143;5964;5964;5565;5565;8750;8750
15.08.2020;190614;14526;6435;6435;7143;7143;5964;5964;5565;5565;8750;8750
16.08.2020;194279;14562;6435;6435;7143;7143;5964;5964;5565;5565;8750;8750
17.08.2020;194651;14566;6435;6435;7143;7143;5964;5964;5565;5565;8750;8750
18.08.2020;199480;14728;6435;6435;7143;7143;5964;5964;5565;5565;8750;8750
19.08.2020;202993;14913;6435;6435;7143;7143;5964;5964;5565;5565;8750;8750
20.08.2020;205916;15074;6435;6435;7143;7143;5964;5964;5565;5565;8750;8750
21.08.2020;207036;15202;6435;6435;7143;7143;5964;5964;5565;5565;8750;8750
22.08.2020;210464;15267;6435;6435;7143;7143;5964;5964;5565;5565;8750;8750
23.08.2020;210948;15292;6435;6435;7143;7143;5964;5964;5565;5565;8750;8750
24.08.2020;211360;15392;6435;6435;7143;7143;5964;5964;5565;5565;8750;8750
25.08.2020;214003;15560;6435;6435;7143;7143;5964;5964;5565;5565;8750;8750
26.08.2020;216675;15700;6435;6435;7143;7143;5964;5964;5565;5565;8750;8750
27.08.2020;219198;15859;6435;6435;7143;7143;5964;5964;5565;5565;8750;8750
28.08.2020;219198;15859;6435;6435;7143;7143;5964;5964;5565;5565;8750;8750
29.08.2020;222957;16016;6435;6435;7143;7143;5964;5964;5565;5565;8750;8750
30.08.2020;223302;16027;6435;6435;7143;7143;5964;5964;5565;5565;8750;8750
31.08.2020;223631;16065;6435;6435;7143;7143;5964;5964;5565;5565;8750;8750
01.09.2020;226800;16217;6435;6435;7143;7143;5964;5964;5565;5565;8750;8750
02.09.2020;228332;16315;6435;6435;7143;7143;5964;5964;5565;5565;8750;8750
03.09.2020;230271;16394;6435;6435;7143;7143;5964;5964;5565;5565;8750;8750
04.09.2020;232489;16467;6157;6157;7143;7143;5807;5807;5387;5387;8750;8750
05.09.2020;232747;16526;6157;6157;7143;7143;5807;5807;5387;5387;8750;8750
06.09.2020;232818;16568;6157;6157;7143;7143;5807;5807;5387;5387;8750;8750
07.09.2020;233052;16593;6157;6157;7143;7143;5807;5807;5387;5387;8750;8750
08.09.2020;233373;16646;6157;6157;7143;7143;5807;5807;5387;5387;8750;8750
09.09.2020;233873;16770;6157;6157;7143;7143;5807;5807;5387;5387;8750;8750
10.09.2020;234813;16871;6157;6157;7143;7143;5807;5807;5387;5387;8750;8750
11.09.2020;240453;16883;6157;6157;7143;7143;5807;5807;5387;5387;8750;8750
12.09.2020;240776;16985;6157;6157;7143;7143;5807;5807;5387;5387;8750;8750
13.09.2020;242491;16990;6157;6157;7143;7143;5807;5807;5387;5387;8750;8750
14.09.2020;242811;17003;6157;6157;7143;7143;5807;5807;5387;5387;8750;8750
15.09.2020;244418;17180;6157;6157;7143;7143;5807;5807;5387;5387;8750;8750
16.09.2020;246182;17342;6157;6157;7143;7143;5807;5807;5387;5387;8750;8750
17.09.2020;246843;17453;6157;6157;7143;7143;5807;5807;5387;5387;8750;8750
18.09.2020;249798;17575;6157;6157;7143;7143;5807;5807;5387;5387;8750;8750
19.09.2020;251261;17634;6157;6157;7143;7143;5807;5807;5387;5387;8750;8750
20.09.2020;251909;17677;6157;6157;7143;7143;5807;5807;5387;5387;8750;8750
21.09.2020;252046;17727;6157;6157;7143;7143;5807;5807;5387;5387;8750;8750
22.09.2020;253756;17798;6157;6157;7143;7143;5807;5807;5387;5387;8750;8750
23.09.2020;254885;17911;6157;6157;7143;7143;5807;5807;5387;5387;8750;8750
24.09.2020;257985;18037;6157;6157;7143;7143;5807;5807;5387;5387;8750;8750
25.09.2020;259488;18166;6157;6157;7143;7143;5807;5807;5387;5387;8750;8750
26.09.2020;259670;18247;6157;6157;7143;7143;5807;5807;5387;5387;8750;8750
27.09.2020;261860;18278;6157;6157;7143;7143;5807;5807;5387;5387;8750;8750
28.09.2020;262006;18291;6157;6157;7143;7143;5807;5807;5387;5387;8750;8750
29.09.2020;263699;18388;6157;6157;7143;7143;5807;5807;5387;5387;8750;8750
30.09.2020;264783;18487;6157;6157;7143;7143;5807;5807;5387;5387;8750;8750
01.10.2020;266235;18567;5880;5880;7143;7143;5651;5651;5208;5208;8750;8750
02.10.2020;270395;18665;6435;6435;7738;7738;5964;5964;5565;5565;8750;8750
03.10.2020;271575;18749;6435;6435;7738;7738;5964;5964;5565;5565;8750;8750
04.10.2020;271701;18769;6435;6435;7738;7738;5964;5964;5565;5565;8750;8750
05.10.2020;273338;18780;6435;6435;7738;7738;5964;5964;5565;5565;8750;8750
06.10.2020;275415;18883;6435;6435;7738;7738;5964;5964;5565;5565;8750;8750
07.10.2020;277439;18969;6435;6435;7738;7738;5964;5964;5565;5565;8750;8750
08.10.2020;280144;19110;6435;6435;7738;7738;5964;5964;5565;5565;8750;8750
09.10.2020;282080;19222;6435;6435;7738;7738;5964;5964;5565;5565;8750;8750
10.10.2020;283407;19284;6435;6435;7738;7738;5964;5964;5565;5565;8750;8750
11.10.2020;283675;19308;6435;6435;7738;7738;5964;5964;5565;5565;8750;8750
12.10.2020;283858;19312;6435;6435;7738;7738;5964;5964;5565;5565;8750;8750
13.10.2020;284053;19336;6435;6435;7738;7738;5964;5964;5565;5565;8750;8750
14.10.2020;285205;19440;6435;6435;7738;7738;5964;5964;5565;5565;8750;8750
15.10.2020;286282;19555;6157;6157;7381;7381;5807;5807;5387;5387;8750;8750
16.10.2020;289440;19654;6157;6157;7381;7381;5807;5807;5387;5387;8750;8750
17.10.2020;289569;19715;6157;6157;7381;7381;5807;5807;5387;5387;8750;8750
18.10.2020;290878;19765;6157;6157;7381;7381;5807;5807;5387;5387;8750;8750
19.10.2020;291413;19770;6157;6157;7381;7381;5807;5807;5387;5387;8750;8750
20.10.2020;292621;19836;6157;6157;7381;7381;5807;5807;5387;5387;8750;8750
21.10.2020;293940;19945;6157;6157;7381;7381;5807;5807;5387;5387;8750;8750
22.10.2020;295021;20021;6157;6157;7381;7381;5807;5807;5387;5387;8750;8750
23.10.2020;296797;20115;6157;6157;7381;7381;5807;5807;5387;5387;8750;8750
24.10.2020;298821;20171;6157;6157;7381;7381;5807;5807;5387;5387;8750;8750
25.10.2020;298821;20171;6157;6157;7381;7381;5807;5807;5387;5387;8750;8750
26.10.2020;302746;20213;6157;6157;7381;7381;5807;5807;5387;5387;8750;8750
27.10.2020;304906;20292;6157;6157;7381;7381;5807;5807;5387;5387;8750;8750
28.10.2020;306672;20376;5880;5880;7381;7381;5651;5651;5208;5208;8750;8750
29.10.2020;308017;20462;5880;5880;7381;7381;5651;5651;5208;5208;8750;8750
30.10.2020;309496;20565;5880;5880;7381;7381;5651;5651;5208;5208;8750;8750
31.10.2020;309977;20600;5880;5880;7381;7381;5339;5339;5208;5208;6250;6250
01.11.2020;311014;20611;5880;5880;7381;7381;5339;5339;5208;5208;6250;6250
02.11.2020;311308;20636;5880;5880;7381;7381;5339;5339;5208;5208;6250;6250
03.11.2020;311775;20651;5880;5880;7381;7381;5339;5339;5208;5208;6250;6250
04.11.2020;313089;20759;5880;5880;7381;7381;5339;5339;5208;5208;6250;6250
05.11.2020;313843;20849;5880;5880;7381;7381;5339;5339;5208;5208;6250;6250
06.11.2020;314809;20849;5694;5694;7024;7024;5234;5234;5089;5089;6250;6250
07.11.2020;315348;20905;5694;5694;7024;7024;5234;5234;5089;5089;6250;6250
08.11.2020;316170;20905;5694;5694;7024;7024;5234;5234;5089;5089;6250;6250
09.11.2020;316575;20905;5694;5694;7024;7024;5234;5234;5089;5089;6250;6250
10.11.2020;318953;20905;5694;5694;7024;7024;5234;5234;5089;5089;6250;6250
11.11.2020;320598;20970;5694;5694;7024;7024;5234;5234;5089;5089;6250;6250
12.11.2020;322383;21090;5972;5972;7381;7381;5391;5391;5268;5268;6250;6250
13.11.2020;323006;21162;5972;5972;7381;7381;5391;5391;5268;5268;6250;6250
14.11.2020;326645;21284;5972;5972;7381;7381;5391;5391;5268;5268;6250;6250
15.11.2020;326956;21294;5972;5972;7381;7381;5391;5391;5268;5268;6250;6250
16.11.2020;327455;21301;5972;5972;7381;7381;5391;5391;5268;5268;6250;6250
17.11.2020;330009;21474;5972;5972;7381;7381;5391;5391;5268;5268;6250;6250
18.11.2020;332396;21698;5972;5972;7381;7381;5391;5391;5268;5268;6250;6250
19.11.2020;334514;21806;6250;6250;7381;7381;5547;5547;5446;5446;6250;6250
20.11.2020;336915;21938;6250;6250;7381;7381;5547;5547;5446;5446;6250;6250
21.11.2020;337277;21971;6250;6250;7381;7381;5547;5547;5446;5446;6250;6250
22.11.2020;338203;21974;6250;6250;7381;7381;5547;5547;5446;5446;6250;6250
23.11.2020;338688;22028;6250;6250;7381;7381;5547;5547;5446;5446;6250;6250
24.11.2020;340833;22141;6250;6250;7381;7381;5547;5547;5446;5446;6250;6250
25.11.2020;343995;22256;6250;6250;7381;7381;5547;5547;5446;5446;6250;6250
26.11.2020;346024;22394;6250;6250;7381;7381;5547;5547;5446;5446;6250;6250
27.11.2020;347348;22448;6250;6250;7381;7381;5547;5547;5446;5446;6250;6250
28.11.2020;352760;22539;6250;6250;7381;7381;5547;5547;5446;5446;6250;6250
29.11.2020;353316;22561;6250;6250;7381;7381;5547;5547;5446;5446;6250;6250
30.11.2020;354354;22590;6250;6250;7381;7381;5547;5547;5446;5446;6250;6250
01.12.2020;357982;22683;6250;6250;7381;7381;5547;5547;5446;5446;6250;6250
02.12.2020;361397;22764;6250;6250;7381;7381;5547;5547;5446;5446;6250;6250
03.12.2020;365185;22891;6528;6528;7857;7857;5703;5703;5625;5625;6250;6250
04.12.2020;367641;23017;6528;6528;7857;7857;5703;5703;5625;5625;6250;6250
05.12.2020;370267;23099;6528;6528;7857;7857;5703;5703;5625;5625;6250;6250
06.12.2020;371075;23131;6528;6528;7857;7857;5703;5703;5625;5625;6250;6250
07.12.2020;371376;23151;6528;6528;7857;7857;5703;5703;5625;5625;6250;6250
08.12.2020;374753;23270;6528;6528;7857;7857;5703;5703;5625;5625;6250;6250
09.12.2020;378084;23430;6528;6528;7857;7857;5703;5703;5625;5625;6250;6250
10.12.2020;381644;23546;6528;6528;7857;7857;5703;5703;5625;5625;6250;6250
11.12.2020;384942;23630;6528;6528;7857;7857;5703;5703;5625;5625;6250;6250
12.12.2020;388431;23718;6528;6528;7857;7857;5703;5703;5625;5625;6250;6250
13.12.2020;389125;23722;6528;6528;7857;7857;5703;5703;5625;5625;6250;6250
14.12.2020;389893;23740;6528;6528;7857;7857;5703;5703;5625;5625;6250;6250
15.12.2020;391350;23887;6528;6528;7857;7857;5703;5703;5625;5625;6250;6250
16.12.2020;395386;24109;6528;6528;7857;7857;5703;5703;5625;5625;6250;6250
17.12.2020;398879;24204;6528;6528;7857;7857;5703;5703;5625;5625;6250;6250
18.12.2020;402480;24351;6528;6528;7857;7857;5703;5703;5625;5625;6250;6250
19.12.2020;403660;24454;6528;6528;7857;7857;5703;5703;5625;5625;6250;6250
20.12.2020;406820;24473;6528;6528;7857;7857;5703;5703;5625;5625;6250;6250
21.12.2020;407575;24479;6528;6528;7857;7857;5703;5703;5625;5625;6250;6250
22.12.2020;411369;24594;6528;6528;7857;7857;5703;5703;5625;5625;6250;6250
23.12.2020;414344;24773;6250;6250;7500;7500;5547;5547;5446;5446;6250;6250
24.12.2020;418543;24827;6250;6250;7500;7500;5547;5547;5446;5446;6250;6250
25.12.2020;419146;24900;6250;6250;7500;7500;5547;5547;5446;5446;6250;6250
26.12.2020;420075;24905;6250;6250;7500;7500;5547;5547;5446;5446;6250;6250
27.12.2020;421069;24918;6250;6250;7500;7500;5547;5547;5446;5446;6250;6250
28.12.2020;421674;24942;6250;6250;7500;7500;5547;5547;5446;5446;6250;6250
29.12.2020;426259;25078;6250;6250;7500;7500;5391;5391;5446;5446;5000;5000
30.12.2020;428373;25303;6250;6250;7500;7500;5391;5391;5446;5446;5000;5000
31.12.2020;434648;25530;6250;6250;7500;7500;5391;5391;5446;5446;5000;5000
01.01.2021;435390;25600;6250;6250;7500;7500;5391;5391;5446;5446;5000;5000
02.01.2021;435604;25608;6250;6250;7500;7500;5391;5391;5446;5446;5000;5000
03.01.2021;435739;25616;6250;6250;7500;7500;5391;5391;5446;5446;5000;5000
04.01.2021;439345;25617;6065;6065;7143;7143;5286;5286;5327;5327;5000;5000
05.01.2021;443607;25837;6065;6065;7143;7143;5286;5286;5327;5327;5000;5000
06.01.2021;448089;26068;6065;6065;7143;7143;5286;5286;5327;5327;5000;5000
07.01.2021;452758;26292;6065;6065;7143;7143;5286;5286;5327;5327;5000;5000
08.01.2021;454275;26480;5231;5231;6190;6190;4818;4818;4792;4792;5000;5000
09.01.2021;459866;26704;5231;5231;6190;6190;4818;4818;4792;4792;5000;5000
10.01.2021;460927;26749;5231;5231;6190;6190;4818;4818;4792;4792;5000;5000
11.01.2021;461561;26771;5231;5231;6190;6190;4818;4818;4792;4792;5000;5000
12.01.2021;465150;26976;5509;5509;6190;6190;4974;4974;4970;4970;5000;5000
13.01.2021;469437;27241;5509;5509;6190;6190;4974;4974;4970;4970;5000;5000
14.01.2021;473648;27441;5509;5509;6190;6190;4974;4974;4970;4970;5000;5000
15.01.2021;477044;27591;5509;5509;6190;6190;4974;4974;4970;4970;5000;5000
16.01.2021;481111;27755;5509;5509;6190;6190;4974;4974;4970;4970;5000;5000
17.01.2021;482058;27791;5509;5509;6190;6190;4974;4974;4970;4970;5000;5000
18.01.2021;482431;27805;5509;5509;6190;6190;5286;5286;5327;5327;5000;5000
19.01.2021;486806;28026;5509;5509;6190;6190;5286;5286;5327;5327;5000;5000
20.01.2021;490821;28215;5509;5509;6190;6190;5286;5286;5327;5327;5000;5000
21.01.2021;494127;28440;5509;5509;6190;6190;5286;5286;5327;5327;5000;5000
22.01.2021;494796;28592;5509;5509;6190;6190;5286;5286;5327;5327;5000;5000
23.01.2021;500185;28812;5509;5509;6190;6190;5286;5286;5327;5327;5000;5000
24.01.2021;501202;28833;5509;5509;6190;6190;5286;5286;5327;5327;5000;5000
25.01.2021;501436;28856;5509;5509;6190;6190;5286;5286;5327;5327;5000;5000
26.01.2021;505596;29043;5509;5509;6190;6190;5286;5286;5327;5327;5000;5000
27.01.2021;509113;29230;5509;5509;6190;6190;5286;5286;5327;5327;5000;5000
28.01.2021;512791;29417;5509;5509;6190;6190;5286;5286;5327;5327;5000;5000
29.01.2021;516868;29563;5509;5509;6190;6190;5286;5286;5327;5327;5000;5000
30.01.2021;520730;29789;5509;5509;6190;6190;5286;5286;5327;5327;5000;5000
31.01.2021;520967;29811;5509;5509;6190;6190;5286;5286;5327;5327;5000;5000
01.02.2021;522998;29848;5509;5509;6190;6190;5286;5286;5327;5327;5000;5000
02.02.2021;526276;30004;5509;5509;6190;6190;5286;5286;5327;5327;5000;5000
03.02.2021;529525;30172;5509;5509;6190;6190;5286;5286;5327;5327;5000;5000
04.02.2021;532377;30354;5509;5509;6190;6190;5286;5286;5327;5327;5000;5000
05.02.2021;535134;30545;5509;5509;6190;6190;5286;5286;5327;5327;5000;5000
06.02.2021;537824;30596;5509;5509;6190;6190;5286;5286;5327;5327;5000;5000
07.02.2021;537986;30597;5509;5509;6190;6190;5286;5286;5327;5327;5000;5000
08.02.2021;540087;30700;5509;5509;6190;6190;5286;5286;5327;5327;5000;5000
09.02.2021;541096;30792;5509;5509;6190;6190;5286;5286;5327;5327;5000;5000
10.02.2021;547081;30950;5509;5509;6190;6190;5286;5286;5327;5327;5000;5000
11.02.2021;549114;31134;5509;5509;6190;6190;5286;5286;5327;5327;5000;5000
12.02.2021;551882;31283;6343;6343;7143;7143;5755;5755;5863;5863;5000;5000
13.02.2021;554040;31383;6343;6343;7143;7143;5755;5755;5863;5863;5000;5000
14.02.2021;554835;31487;6343;6343;7143;7143;5755;5755;5863;5863;5000;5000
15.02.2021;555541;31512;6343;6343;7143;7143;5755;5755;5863;5863;5000;5000
16.02.2021;563926;31630;6343;6343;7143;7143;5755;5755;5863;5863;5000;5000
17.02.2021;564513;31701;6343;6343;7143;7143;5755;5755;5863;5863;5000;5000
18.02.2021;566928;31882;6343;6343;7143;7143;5755;5755;5863;5863;5000;5000
19.02.2021;569184;32045;6343;6343;7143;7143;5755;5755;5863;5863;5000;5000
20.02.2021;571434;32167;6343;6343;7143;7143;5755;5755;5863;5863;5000;5000
21.02.2021;572007;32173;6343;6343;7143;7143;5755;5755;5863;5863;5000;5000
22.02.2021;572866;32256;6343;6343;7143;7143;5755;5755;5863;5863;5000;5000
23.02.2021;573275;32403;5509;5509;6190;6190;5286;5286;5327;5327;5000;5000
24.02.2021;577183;32574;5509;5509;6190;6190;5286;5286;5327;5327;5000;5000
25.02.2021;579118;32771;5509;5509;6190;6190;5286;5286;5327;5327;5000;5000
26.02.2021;579542;32909;5509;5509;6190;6190;5286;5286;5327;5327;5000;5000
27.02.2021;582164;33035;5509;5509;6190;6190;5286;5286;5327;5327;5000;5000
28.02.2021;583044;33080;5509;5509;6190;6190;5286;5286;5327;5327;5000;5000
01.03.2021;583795;33093;5509;5509;6190;6190;5286;5286;5327;5327;5000;5000
02.03.2021;585620;33176;5509;5509;6190;6190;5286;5286;5327;5327;5000;5000
03.03.2021;587800;33362;5509;5509;6190;6190;5286;5286;5327;5327;5000;5000
04.03.2021;589694;33466;5509;5509;6190;6190;5286;5286;5327;5327;5000;5000
05.03.2021;591945;33607;6806;6806;7738;7738;6016;6016;6161;6161;5000;5000
06.03.2021;592505;33712;6806;6806;7738;7738;6016;6016;6161;6161;5000;5000
07.03.2021;594202;33717;6806;6806;7738;7738;6016;6016;6161;6161;5000;5000
08.03.2021;594964;33729;6806;6806;7738;7738;6016;6016;6161;6161;5000;5000
09.03.2021;597136;33824;6806;6806;7738;7738;6016;6016;6161;6161;5000;5000
10.03.2021;599572;33893;6806;6806;7738;7738;6016;6016;6161;6161;5000;5000
11.03.2021;601666;34083;6806;6806;7738;7738;6016;6016;6161;6161;5000;5000
12.03.2021;604171;34210;6991;6991;8095;8095;6120;6120;6280;6280;5000;5000
13.03.2021;606452;34304;6991;6991;8095;8095;6120;6120;6280;6280;5000;5000
14.03.2021;606720;34329;6991;6991;8095;8095;6120;6120;6280;6280;5000;5000
15.03.2021;607806;34330;6991;6991;8095;8095;6120;6120;6280;6280;5000;5000
16.03.2021;608887;34445;6991;6991;8095;8095;6120;6120;6280;6280;5000;5000
17.03.2021;612980;34586;6991;6991;8095;8095;6120;6120;6280;6280;5000;5000
18.03.2021;615930;34695;6991;6991;8095;8095;6120;6120;6280;6280;5000;5000
19.03.2021;618284;34830;6991;6991;8095;8095;6120;6120;6280;6280;5000;5000
20.03.2021;619228;35017;6991;6991;8095;8095;6120;6120;6280;6280;5000;5000
21.03.2021;621991;35131;6991;6991;8095;8095;6120;6120;6280;6280;5000;5000
22.03.2021;623460;35180;6991;6991;8095;8095;6120;6120;6280;6280;5000;5000
23.03.2021;626661;35331;6991;6991;8095;8095;6120;6120;6280;6280;5000;5000
24.03.2021;629553;35373;6991;6991;8095;8095;6120;6120;6280;6280;5000;5000
25.03.2021;632533;35563;6991;6991;8095;8095;6120;6120;6280;6280;5000;5000
26.03.2021;635712;35758;7639;7639;7976;7976;6484;6484;6696;6696;5000;5000
27.03.2021;638481;36026;7639;7639;7976;7976;6484;6484;6696;6696;5000;5000
28.03.2021;640467;36109;7639;7639;7976;7976;6484;6484;6696;6696;5000;5000
29.03.2021;641254;36149;7639;7639;7976;7976;6484;6484;6696;6696;5000;5000
30.03.2021;644754;36432;7639;7639;7976;7976;6484;6484;6696;6696;5000;5000
31.03.2021;647875;36727;7639;7639;7976;7976;6484;6484;6696;6696;5000;5000
01.04.2021;651914;37114;7639;7639;7976;7976;6641;6641;6696;6696;6250;6250
02.04.2021;653204;37218;7639;7639;7976;7976;6641;6641;6696;6696;6250;6250
03.04.2021;657139;37629;7639;7639;7976;7976;6641;6641;6696;6696;6250;6250
04.04.2021;658440;37687;7639;7639;7976;7976;6641;6641;6696;6696;6250;6250
05.04.2021;659237;37693;7824;7824;8333;8333;6745;6745;6815;6815;6250;6250
06.04.2021;660907;38040;7824;7824;8333;8333;6745;6745;6815;6815;6250;6250
07.04.2021;666025;38282;7639;7639;7976;7976;6641;6641;6696;6696;6250;6250
08.04.2021;671207;38657;7639;7639;7976;7976;6641;6641;6696;6696;6250;6250
09.04.2021;675027;39038;7639;7639;7976;7976;6641;6641;6696;6696;6250;6250
10.04.2021;678601;39298;7639;7639;7976;7976;6641;6641;6696;6696;6250;6250
11.04.2021;679654;39423;7639;7639;7976;7976;6641;6641;6696;6696;6250;6250
12.04.2021;680357;39444;7639;7639;7976;7976;6641;6641;6696;6696;6250;6250
13.04.2021;684758;39791;7639;7639;7976;7976;6641;6641;6696;6696;6250;6250
14.04.2021;688797;40091;7639;7639;7976;7976;6641;6641;6696;6696;6250;6250
15.04.2021;693046;40429;7639;7639;7976;7976;6641;6641;6696;6696;6250;6250
16.04.2021;697763;40716;7639;7639;7976;7976;6641;6641;6696;6696;6250;6250
17.04.2021;699422;41162;7639;7639;7976;7976;6641;6641;6696;6696;6250;6250
18.04.2021;703349;41310;7639;7639;7976;7976;6641;6641;6696;6696;6250;6250
19.04.2021;704265;41418;7639;7639;7976;7976;6641;6641;6696;6696;6250;6250
20.04.2021;708424;41745;7639;7639;7976;7976;6641;6641;6696;6696;6250;6250
21.04.2021;712525;42110;7639;7639;7976;7976;6641;6641;6696;6696;6250;6250
22.04.2021;716103;42362;7639;7639;7976;7976;6641;6641;6696;6696;6250;6250
23.04.2021;720749;42634;7639;7639;7976;7976;6641;6641;6696;6696;6250;6250
24.04.2021;723580;42857;7639;7639;7976;7976;6641;6641;6696;6696;6250;6250
25.04.2021;724596;42914;7639;7639;7976;7976;6641;6641;6696;6696;6250;6250
26.04.2021;724858;42927;7639;7639;7976;7976;6641;6641;6696;6696;6250;6250
27.04.2021;729206;43288;7639;7639;7976;7976;6641;6641;6696;6696;6250;6250
28.04.2021;733764;43618;7639;7639;7976;7976;6224;6224;6220;6220;6250;6250
29.04.2021;737844;43965;7639;7639;7976;7976;6224;6224;6220;6220;6250;6250
30.04.2021;742615;44406;7639;7639;7976;7976;6224;6224;6220;6220;6250;6250
01.05.2021;745456;44619;7639;7639;7976;7976;6224;6224;6220;6220;6250;6250
02.05.2021;747449;44835;7639;7639;7976;7976;6224;6224;6220;6220;6250;6250
03.05.2021;748614;44897;7639;7639;7976;7976;6224;6224;6220;6220;6250;6250
04.05.2021;753732;45232;7639;7639;7976;7976;6224;6224;6220;6220;6250;6250
05.05.2021;761216;45581;7639;7639;7976;7976;6224;6224;6220;6220;6250;6250
06.05.2021;770401;45914;6898;6898;7619;7619;5807;5807;5744;5744;6250;6250
07.05.2021;778662;46171;6898;6898;7619;7619;5807;5807;5744;5744;6250;6250
08.05.2021;784506;46374;6898;6898;7619;7619;5807;5807;5744;5744;6250;6250
09.05.2021;786087;46427;6898;6898;7619;7619;5807;5807;5744;5744;6250;6250
10.05.2021;786757;46442;6898;6898;7619;7619;5807;5807;5744;5744;6250;6250
11.05.2021;792073;46770;6898;6898;7619;7619;5807;5807;5744;5744;6250;6250
12.05.2021;797033;47052;6898;6898;7619;7619;5807;5807;5744;5744;6250;6250
13.05.2021;803040;47355;6898;6898;7619;7619;5807;5807;5744;5744;6250;6250
14.05.2021;809971;47699;6898;6898;7619;7619;5807;5807;5744;5744;6250;6250
15.05.2021;815187;47951;6898;6898;7619;7619;5807;5807;5744;5744;6250;6250
16.05.2021;816015;48006;6898;6898;7619;7619;5807;5807;5744;5744;6250;6250
17.05.2021;817947;48024;6898;6898;7619;7619;5807;5807;5744;5744;6250;6250
18.05.2021;823456;48313;6898;6898;7619;7619;5807;5807;5744;5744;6250;6250
19.05.2021;828283;48662;6898;6898;7619;7619;5807;5807;5744;5744;6250;6250
20.05.2021;833014;49036;6898;6898;7619;7619;5807;5807;5744;5744;6250;6250
21.05.2021;837501;49250;6898;6898;7619;7619;5807;5807;5744;5744;6250;6250
22.05.2021;839623;49438;6898;6898;7619;7619;5807;5807;5744;5744;6250;6250
23.05.2021;840480;49515;6898;6898;7619;7619;5807;5807;5744;5744;6250;6250
24.05.2021;844442;49539;6898;6898;7619;7619;5807;5807;5744;5744;6250;6250
25.05.2021;848495;49672;6898;6898;7619;7619;5599;5599;5506;5506;6250;6250
26.05.2021;852280;49899;6898;6898;7619;7619;5599;5599;5506;5506;6250;6250
27.05.2021;855244;50125;6065;6065;6667;6667;5130;5130;4970;4970;6250;6250
28.05.2021;855766;50374;6065;6065;6667;6667;5318;5318;5185;5185;6250;6250
29.05.2021;858949;50550;6065;6065;6667;6667;5318;5318;5185;5185;6250;6250
30.05.2021;863865;50574;6065;6065;6667;6667;5318;5318;5185;5185;6250;6250
31.05.2021;865363;50584;6065;6065;6667;6667;5318;5318;5185;5185;6250;6250
01.06.2021;869302;50840;6065;6065;6667;6667;5255;5255;5113;5113;6250;6250
02.06.2021;874560;51096;6065;6065;6667;6667;5255;5255;5113;5113;6250;6250
03.06.2021;878747;51320;6065;6065;6667;6667;5255;5255;5113;5113;6250;6250
04.06.2021;880267;51419;6065;6065;6667;6667;5672;5672;5589;5589;6250;6250
05.06.2021;883360;51508;6065;6065;6667;6667;5828;5828;5589;5589;7500;7500
06.06.2021;884550;51532;6065;6065;6667;6667;5828;5828;5589;5589;7500;7500
07.06.2021;884936;51540;6065;6065;6667;6667;5828;5828;5589;5589;7500;7500
08.06.2021;888367;51865;6065;6065;6667;6667;5828;5828;5589;5589;7500;7500
09.06.2021;894459;52094;6065;6065;6667;6667;5828;5828;5589;5589;7500;7500
10.06.2021;898531;52371;6065;6065;6667;6667;5828;5828;5589;5589;7500;7500
11.06.2021;902903;52638;6065;6065;6667;6667;5828;5828;5589;5589;7500;7500
12.06.2021;905229;52927;6065;6065;6667;6667;5828;5828;5589;5589;7500;7500
13.06.2021;905821;52998;6065;6065;6667;6667;5828;5828;5589;5589;7500;7500
14.06.2021;909341;53015;6065;6065;6667;6667;5828;5828;5589;5589;7500;7500
15.06.2021;913682;53242;6065;6065;6667;6667;5828;5828;5589;5589;7500;7500
16.06.2021;918383;53476;6065;6065;6667;6667;5828;5828;5589;5589;7500;7500
17.06.2021;923405;53750;6065;6065;6667;6667;5828;5828;5589;5589;7500;7500
18.06.2021;925518;53923;6065;6065;6667;6667;5828;5828;5589;5589;7500;7500
19.06.2021;931885;54142;6065;6065;6667;6667;5828;5828;5589;5589;7500;7500
20.06.2021;932229;54250;6065;6065;6667;6667;5828;5828;5589;5589;7500;7500
21.06.2021;933112;54267;5417;5417;6381;6381;5464;5464;5173;5173;7500;7500
22.06.2021;937290;54452;5417;5417;6381;6381;5464;5464;5173;5173;7500;7500
23.06.2021;941712;54662;5417;5417;6381;6381;5464;5464;5173;5173;7500;7500
24.06.2021;945242;54848;5417;5417;6381;6381;5464;5464;5173;5173;7500;7500
25.06.2021;949196;55007;5417;5417;6381;6381;5464;5464;5173;5173;7500;7500
26.06.2021;950877;55153;5417;5417;6381;6381;5464;5464;5173;5173;7500;7500
27.06.2021;951360;55181;5417;5417;6381;6381;5464;5464;5173;5173;7500;7500
28.06.2021;953858;55195;5417;5417;6381;6381;5464;5464;5173;5173;7500;7500
29.06.2021;957424;55337;5417;5417;6381;6381;5464;5464;5173;5173;7500;7500
30.06.2021;958199;55470;5417;5417;6381;6381;5464;5464;5173;5173;7500;7500
01.07.2021;960495;55703;5417;5417;6381;6381;5464;5464;5173;5173;7500;7500
02.07.2021;963166;55876;5417;5417;6381;6381;5464;5464;5173;5173;7500;7500
03.07.2021;965699;56011;5417;5417;6381;6381;5464;5464;5173;5173;7500;7500
04.07.2021;966114;56031;5417;5417;6381;6381;5464;5464;5173;5173;7500;7500
05.07.2021;966888;56039;5417;5417;6381;6381;5047;5047;4696;4696;7500;7500
06.07.2021;970268;56192;5417;5417;6381;6381;5047;5047;4696;4696;7500;7500
07.07.2021;972619;56321;5417;5417;6381;6381;5047;5047;4696;4696;7500;7500
08.07.2021;974848;56498;5417;5417;6381;6381;5047;5047;4696;4696;7500;7500
09.07.2021;977770;56559;5417;5417;6381;6381;5047;5047;4696;4696;7500;7500
10.07.2021;981088;56755;5417;5417;6381;6381;5047;5047;4696;4696;7500;7500
11.07.2021;981839;56808;5417;5417;6381;6381;5047;5047;4696;4696;7500;7500
12.07.2021;982609;56848;5417;5417;6381;6381;5047;5047;4696;4696;7500;7500
13.07.2021;984554;56947;5602;5602;6738;6738;5464;5464;5173;5173;7500;7500
14.07.2021;986233;57075;5602;5602;6738;6738;5464;5464;5173;5173;7500;7500
15.07.2021;992619;57252;5602;5602;6738;6738;5464;5464;5173;5173;7500;7500
16.07.2021;995266;57388;5602;5602;6738;6738;5464;5464;5173;5173;7500;7500
17.07.2021;998919;57522;5602;5602;6738;6738;5464;5464;5173;5173;7500;7500
18.07.2021;999906;57578;5602;5602;6738;6738;5464;5464;5173;5173;7500;7500
19.07.2021;1000496;57585;5602;5602;6738;6738;5464;5464;5173;5173;7500;7500
20.07.2021;1001670;57705;5602;5602;6738;6738;5464;5464;5173;5173;7500;7500
21.07.2021;1005098;57856;5602;5602;6738;6738;5464;5464;5173;5173;7500;7500
22.07.2021;1008623;58036;5602;5602;6738;6738;5464;5464;5173;5173;7500;7500
23.07.2021;1012026;58219;5602;5602;6738;6738;5464;5464;5173;5173;7500;7500
24.07.2021;1013744;58361;5602;5602;6738;6738;5464;5464;5173;5173;7500;7500
25.07.2021;1014583;58412;5602;5602;6738;6738;5464;5464;5173;5173;7500;7500
26.07.2021;1014915;58452;5602;5602;6738;6738;5464;5464;5173;5173;7500;7500
27.07.2021;1018721;58612;5602;5602;6738;6738;5464;5464;5173;5173;7500;7500
28.07.2021;1022499;58766;5602;5602;6738;6738;5464;5464;5173;5173;7500;7500
29.07.2021;1023940;58973;5602;5602;6738;6738;5464;5464;5173;5173;7500;7500
30.07.2021;1029016;59110;4861;4861;6190;6190;5047;5047;4696;4696;7500;7500
31.07.2021;1031839;59269;4861;4861;6190;6190;5047;5047;4696;4696;7500;7500
01.08.2021;1032320;59298;4861;4861;6190;6190;5047;5047;4696;4696;7500;7500
02.08.2021;1033477;59375;4861;4861;6190;6190;5047;5047;4696;4696;7500;7500
03.08.2021;1036927;59487;4861;4861;6190;6190;5047;5047;4696;4696;7500;7500
04.08.2021;1041216;59535;4861;4861;6190;6190;5047;5047;4696;4696;7500;7500
05.08.2021;1044535;59659;4861;4861;6190;6190;5464;5464;5173;5173;7500;7500
06.08.2021;1046494;59787;4861;4861;6190;6190;5464;5464;5173;5173;7500;7500
07.08.2021;1058911;59959;4861;4861;6190;6190;5464;5464;5173;5173;7500;7500
08.08.2021;1060591;59984;4861;4861;6190;6190;5464;5464;5173;5173;7500;7500
09.08.2021;1061793;59990;4861;4861;6190;6190;5464;5464;5173;5173;7500;7500
10.08.2021;1063772;60136;4861;4861;6190;6190;5464;5464;5173;5173;7500;7500
11.08.2021;1067809;60266;4861;4861;6190;6190;5464;5464;5173;5173;7500;7500
12.08.2021;1072522;60441;4861;4861;6190;6190;5464;5464;5173;5173;7500;7500
13.08.2021;1076885;60549;4861;4861;6190;6190;5464;5464;5173;5173;7500;7500
14.08.2021;1080746;60632;4861;4861;6190;6190;5464;5464;5173;5173;7500;7500
15.08.2021;1080845;60647;4861;4861;6190;6190;5464;5464;5173;5173;7500;7500
16.08.2021;1083263;60655;4676;4676;5833;5833;5359;5359;5054;5054;7500;7500
17.08.2021;1088188;60771;4676;4676;5833;5833;5359;5359;5054;5054;7500;7500
18.08.2021;1093165;60902;4676;4676;5833;5833;5359;5359;5054;5054;7500;7500
19.08.2021;1097935;61090;4676;4676;5833;5833;5359;5359;5054;5054;7500;7500
20.08.2021;1102305;61254;4259;4259;5833;5833;5125;5125;4786;4786;7500;7500
21.08.2021;1104215;61368;4259;4259;5833;5833;5125;5125;4786;4786;7500;7500
22.08.2021;1106424;61388;4259;4259;5833;5833;5125;5125;4786;4786;7500;7500
23.08.2021;1107794;61403;4259;4259;5833;5833;5125;5125;4786;4786;7500;7500
24.08.2021;1112203;61605;4259;4259;5833;5833;5125;5125;4786;4786;7500;7500
25.08.2021;1116338;61752;4259;4259;5833;5833;5125;5125;4786;4786;7500;7500
26.08.2021;1119881;61982;4259;4259;5833;5833;5125;5125;4786;4786;7500;7500
27.08.2021;1122331;62091;4259;4259;5833;5833;5250;5250;4929;4929;7500;7500
28.08.2021;1124612;62221;4259;4259;5833;5833;5250;5250;4929;4929;7500;7500
29.08.2021;1125234;62242;4259;4259;5833;5833;5250;5250;4929;4929;7500;7500
30.08.2021;1125567;62248;4259;4259;5833;5833;5250;5250;4929;4929;7500;7500
31.08.2021;1128166;62457;4259;4259;5833;5833;5250;5250;4929;4929;7500;7500
01.09.2021;1130276;62595;4259;4259;5833;5833;5250;5250;4929;4929;7500;7500
02.09.2021;1132381;62774;4259;4259;5833;5833;5250;5250;4929;4929;7500;7500
03.09.2021;1134359;62978;4259;4259;5833;5833;5250;5250;4929;4929;7500;7500
04.09.2021;1136652;63142;4259;4259;5833;5833;5250;5250;4929;4929;7500;7500
05.09.2021;1137593;63234;4259;4259;5833;5833;4833;4833;4452;4452;7500;7500
06.09.2021;1137927;63243;4259;4259;5833;5833;4833;4833;4452;4452;7500;7500
07.09.2021;1140025;63312;4259;4259;5833;5833;4833;4833;4452;4452;7500;7500
08.09.2021;1140428;63354;4259;4259;5833;5833;4833;4833;4452;4452;7500;7500
09.09.2021;1158164;63545;4259;4259;5833;5833;4833;4833;4452;4452;7500;7500
10.09.2021;1158414;63641;4259;4259;5833;5833;4833;4833;4452;4452;7500;7500
11.09.2021;1159088;63846;4259;4259;5833;5833;4833;4833;4452;4452;7500;7500
12.09.2021;1159247;63880;4259;4259;5833;5833;4833;4833;4452;4452;7500;7500
13.09.2021;1159247;63880;4259;4259;5833;5833;4833;4833;4452;4452;7500;7500
14.09.2021;1159801;64077;4259;4259;5833;5833;4833;4833;4452;4452;7500;7500
15.09.2021;1160185;64295;3981;3981;5833;5833;4677;4677;4274;4274;7500;7500
16.09.2021;1161182;64472;3981;3981;5833;5833;4677;4677;4274;4274;7500;7500
17.09.2021;1161682;64677;3981;3981;5833;5833;4677;4677;4274;4274;7500;7500
18.09.2021;1266882;64843;3981;3981;5833;5833;4677;4677;4274;4274;7500;7500
19.09.2021;1268614;64895;3981;3981;5833;5833;4677;4677;4274;4274;7500;7500
20.09.2021;1269239;64918;3981;3981;5833;5833;4677;4677;4274;4274;7500;7500
21.09.2021;1272342;65103;4398;4398;5833;5833;4599;4599;4185;4185;7500;7500
22.09.2021;1273870;65227;4398;4398;5833;5833;4599;4599;4185;4185;7500;7500
23.09.2021;1275932;65382;4398;4398;5833;5833;4599;4599;4185;4185;7500;7500
24.09.2021;1278031;65498;4398;4398;5833;5833;4599;4599;4185;4185;7500;7500
25.09.2021;1278906;65613;4398;4398;5833;5833;4599;4599;4185;4185;7500;7500
26.09.2021;1280126;65653;4398;4398;5833;5833;4599;4599;4185;4185;7500;7500
27.09.2021;1280544;65661;4398;4398;5833;5833;4599;4599;4185;4185;7500;7500
28.09.2021;1282592;65856;4398;4398;5833;5833;4599;4599;4185;4185;7500;7500
29.09.2021;1283454;66015;4398;4398;5833;5833;4599;4599;4185;4185;7500;7500
30.09.2021;1285731;66134;4398;4398;5833;5833;4599;4599;4185;4185;7500;7500
01.10.2021;1288476;66261;4398;4398;5833;5833;4599;4599;4185;4185;7500;7500
02.10.2021;1289639;66422;4398;4398;5833;5833;4599;4599;4185;4185;7500;7500
03.10.2021;1289808;66437;4398;4398;5833;5833;4599;4599;4185;4185;7500;7500
04.10.2021;1291106;66465;4398;4398;5833;5833;4599;4599;4185;4185;7500;7500
05.10.2021;1293429;66648;3843;3843;5119;5119;4286;4286;3827;3827;7500;7500
06.10.2021;1295429;66741;3843;3843;5119;5119;4286;4286;3827;3827;7500;7500
07.10.2021;1295545;66785;3843;3843;5119;5119;4286;4286;3827;3827;7500;7500
08.10.2021;1299010;67029;3843;3843;5119;5119;3974;3974;3827;3827;5000;5000
09.10.2021;1299493;67170;3843;3843;5119;5119;3974;3974;3827;3827;5000;5000
10.10.2021;1300712;67175;3843;3843;5119;5119;3974;3974;3827;3827;5000;5000
11.10.2021;1301362;67188;3843;3843;5119;5119;3974;3974;3827;3827;5000;5000
12.10.2021;1301890;67204;3843;3843;5119;5119;3974;3974;3827;3827;5000;5000
13.10.2021;1302530;67207;3843;3843;5119;5119;3974;3974;3827;3827;5000;5000
14.10.2021;1304445;67342;3843;3843;5119;5119;3974;3974;3827;3827;5000;5000
15.10.2021;1305919;67457;3843;3843;5119;5119;3974;3974;3827;3827;5000;5000
16.10.2021;1306675;67575;3843;3843;5119;5119;3974;3974;3827;3827;5000;5000
17.10.2021;1306819;67584;3843;3843;5119;5119;3974;3974;3827;3827;5000;5000
18.10.2021;1308193;67584;3843;3843;5119;5119;3974;3974;3827;3827;5000;5000
19.10.2021;1307160;67652;3843;3843;5119;5119;3974;3974;3827;3827;5000;5000
20.10.2021;1308908;67697;3843;3843;5119;5119;3974;3974;3827;3827;5000;5000
21.10.2021;1311219;67774;3843;3843;5119;5119;3974;3974;3827;3827;5000;5000
22.10.2021;1312954;67905;3657;3657;4881;4881;4391;4391;4304;4304;5000;5000
23.10.2021;1314605;67997;3657;3657;4881;4881;4391;4391;4304;4304;5000;5000
24.10.2021;1314622;67997;3657;3657;4881;4881;4391;4391;4304;4304;5000;5000
25.10.2021;1314717;68004;3657;3657;4881;4881;4391;4391;4304;4304;5000;5000
26.10.2021;1315560;68108;3657;3657;4881;4881;4391;4391;4304;4304;5000;5000
27.10.2021;1317850;68203;3380;3380;4881;4881;4234;4234;4125;4125;5000;5000
28.10.2021;1319439;68229;3194;3194;4881;4881;4130;4130;4006;4006;5000;5000
29.10.2021;1320762;68321;3194;3194;4881;4881;4130;4130;4006;4006;5000;5000
30.10.2021;1321174;68347;3194;3194;4881;4881;4130;4130;4006;4006;5000;5000
31.10.2021;1322087;68357;3194;3194;4881;4881;4130;4130;4006;4006;5000;5000
01.11.2021;1322150;68370;3194;3194;4881;4881;4130;4130;4006;4006;5000;5000
02.11.2021;1322497;68383;3194;3194;4881;4881;4130;4130;4006;4006;5000;5000
03.11.2021;1322861;68391;3194;3194;4881;4881;4130;4130;4006;4006;5000;5000
04.11.2021;1323955;68409;3194;3194;4881;4881;4130;4130;4006;4006;5000;5000
05.11.2021;1325246;68461;3194;3194;4881;4881;4130;4130;4006;4006;5000;5000
06.11.2021;1326476;68494;3194;3194;4881;4881;4130;4130;4006;4006;5000;5000
07.11.2021;1326833;68505;3194;3194;4881;4881;4130;4130;4006;4006;5000;5000
08.11.2021;1327116;68520;3194;3194;4881;4881;4130;4130;4006;4006;5000;5000
09.11.2021;1328192;68553;2917;2917;4405;4405;3766;3766;3589;3589;5000;5000
10.11.2021;1329609;68607;2917;2917;4405;4405;3766;3766;3589;3589;5000;5000
11.11.2021;1330549;68635;2917;2917;4405;4405;3766;3766;3589;3589;5000;5000
12.11.2021;1331675;68665;2500;2500;3929;3929;3531;3531;3321;3321;5000;5000
13.11.2021;1332674;68719;2500;2500;3929;3929;3531;3531;3321;3321;5000;5000
14.11.2021;1332780;68726;2500;2500;3929;3929;3531;3531;3321;3321;5000;5000
15.11.2021;1333046;68732;2500;2500;3929;3929;3531;3531;3321;3321;5000;5000
16.11.2021;1333434;68753;2500;2500;3929;3929;3531;3531;3321;3321;5000;5000
17.11.2021;1334462;68774;2500;2500;3929;3929;3531;3531;3321;3321;5000;5000
18.11.2021;1335211;68793;2500;2500;3929;3929;3531;3531;3321;3321;5000;5000
19.11.2021;1336274;68817;2500;2500;3929;3929;3531;3531;3321;3321;5000;5000
20.11.2021;1337091;68832;2500;2500;3929;3929;3531;3531;3321;3321;5000;5000
21.11.2021;1337805;68837;2500;2500;3929;3929;3531;3531;3321;3321;5000;5000
22.11.2021;1337867;68841;2500;2500;3929;3929;3531;3531;3321;3321;5000;5000
23.11.2021;1338708;68884;2500;2500;3929;3929;3531;3531;3321;3321;5000;5000
24.11.2021;1339819;68919;2500;2500;3929;3929;3531;3531;3321;3321;5000;5000
25.11.2021;1340886;68935;2500;2500;3929;3929;3531;3531;3321;3321;5000;5000
26.11.2021;1341850;68998;2500;2500;3929;3929;3531;3531;3321;3321;5000;5000
27.11.2021;1342671;69011;2500;2500;3929;3929;3531;3531;3321;3321;5000;5000
28.11.2021;1342767;69024;2500;2500;3929;3929;3531;3531;3321;3321;5000;5000
29.11.2021;1342801;69027;2500;2500;3929;3929;3531;3531;3321;3321;5000;5000
30.11.2021;1343927;69061;2500;2500;3929;3929;3531;3531;3321;3321;5000;5000
01.12.2021;1344816;69082;2500;2500;3929;3929;3531;3531;3321;3321;5000;5000
02.12.2021;1345572;69102;2500;2500;3929;3929;3531;3531;3321;3321;5000;5000
03.12.2021;1346494;69124;2500;2500;3929;3929;3531;3531;3321;3321;5000;5000
04.12.2021;1346998;69132;2500;2500;3929;3929;3531;3531;3321;3321;5000;5000
05.12.2021;1347465;69140;2500;2500;3929;3929;3531;3531;3321;3321;5000;5000
06.12.2021;1347628;69153;2500;2500;3929;3929;3531;3531;3321;3321;5000;5000
07.12.2021;1348159;69181;2500;2500;3929;3929;3531;3531;3321;3321;5000;5000
08.12.2021;1348861;69200;2500;2500;3929;3929;3531;3531;3321;3321;5000;5000
09.12.2021;1349385;69224;2500;2500;3929;3929;3531;3531;3321;3321;5000;5000
10.12.2021;1349461;69255;2500;2500;3929;3929;3531;3531;3321;3321;5000;5000
11.12.2021;1349520;69259;2500;2500;3929;3929;3531;3531;3321;3321;5000;5000
12.12.2021;1349551;69290;2500;2500;3929;3929;3531;3531;3321;3321;5000;5000
13.12.2021;1349551;69290;2500;2500;3929;3929;3531;3531;3321;3321;5000;5000
14.12.2021;1349551;69290;2500;2500;3929;3929;3948;3948;3798;3798;5000;5000
15.12.2021;1349564;69303;2500;2500;3929;3929;3948;3948;3798;3798;5000;5000
16.12.2021;1349569;69308;2500;2500;3929;3929;3948;3948;3798;3798;5000;5000
17.12.2021;1349569;69308;2500;2500;3929;3929;3948;3948;3798;3798;5000;5000
18.12.2021;1349599;69338;2500;2500;3929;3929;3948;3948;3798;3798;5000;5000
19.12.2021;1349606;69345;2500;2500;3929;3929;3948;3948;3798;3798;5000;5000
20.12.2021;1349608;69347;3333;3333;4881;4881;4417;4417;4333;4333;5000;5000
21.12.2021;1349608;69347;3333;3333;4881;4881;4417;4417;4333;4333;5000;5000
22.12.2021;1349608;69347;3333;3333;4881;4881;4417;4417;4333;4333;5000;5000
23.12.2021;1349642;69381;3333;3333;4881;4881;4417;4417;4333;4333;5000;5000
24.12.2021;1349715;69402;3333;3333;4881;4881;4417;4417;4333;4333;5000;5000
25.12.2021;1350792;69404;3333;3333;4881;4881;4417;4417;4333;4333;5000;5000
26.12.2021;1350843;69408;3333;3333;4881;4881;4417;4417;4333;4333;5000;5000
27.12.2021;1350964;69425;3333;3333;4881;4881;4417;4417;4333;4333;5000;5000
28.12.2021;1351261;69435;3333;3333;4881;4881;4417;4417;4333;4333;5000;5000
29.12.2021;1351861;69457;3333;3333;4881;4881;4417;4417;4333;4333;5000;5000
30.12.2021;1351876;69459;3333;3333;4881;4881;4417;4417;4333;4333;5000;5000
31.12.2021;1352824;69467;3333;3333;4881;4881;4417;4417;4333;4333;5000;5000
01.01.2022;1352852;69472;3333;3333;4881;4881;4417;4417;4333;4333;5000;5000
02.01.2022;1352925;69472;3333;3333;4881;4881;4417;4417;4333;4333;5000;5000
03.01.2022;1356863;69472;3333;3333;4881;4881;4417;4417;4333;4333;5000;5000
04.01.2022;1359403;69513;3333;3333;4881;4881;4417;4417;4333;4333;5000;5000
05.01.2022;1362872;69515;3333;3333;4881;4881;4417;4417;4333;4333;5000;5000
06.01.2022;1368337;69520;3333;3333;4881;4881;4417;4417;4333;4333;5000;5000
07.01.2022;1375179;69524;3333;3333;4881;4881;4417;4417;4333;4333;5000;5000
08.01.2022;1382484;69530;3333;3333;4881;4881;4417;4417;4333;4333;5000;5000
09.01.2022;1385935;69532;3519;3519;4881;4881;4521;4521;4452;4452;5000;5000
10.01.2022;1386877;69532;3519;3519;4881;4881;4521;4521;4452;4452;5000;5000
11.01.2022;1397366;69546;3519;3519;4881;4881;4521;4521;4452;4452;5000;5000
12.01.2022;1409367;69553;3704;3704;5238;5238;4625;4625;4571;4571;5000;5000
13.01.2022;1422204;69565;3704;3704;5238;5238;4625;4625;4571;4571;5000;5000
14.01.2022;1438321;69574;3704;3704;5238;5238;4625;4625;4571;4571;5000;5000
15.01.2022;1438711;69579;3704;3704;5238;5238;4625;4625;4571;4571;5000;5000
16.01.2022;1442517;69585;3704;3704;5238;5238;4625;4625;4571;4571;5000;5000
17.01.2022;1444349;69586;3704;3704;5238;5238;4625;4625;4571;4571;5000;5000
18.01.2022;1459328;69616;3704;3704;5238;5238;4625;4625;4571;4571;5000;5000
19.01.2022;1528551;69623;3704;3704;5238;5238;4625;4625;4571;4571;5000;5000
20.01.2022;1550953;69637;3704;3704;5238;5238;4625;4625;4571;4571;5000;5000
21.01.2022;1571974;69649;3704;3704;5238;5238;4625;4625;4571;4571;5000;5000
22.01.2022;1602066;69674;3704;3704;5238;5238;4625;4625;4571;4571;5000;5000
23.01.2022;1610135;69677;3704;3704;5238;5238;4625;4625;4571;4571;5000;5000
24.01.2022;1613260;69689;3704;3704;5238;5238;4625;4625;4571;4571;5000;5000
25.01.2022;1637812;69700;3704;3704;5238;5238;4625;4625;4571;4571;5000;5000
26.01.2022;1661208;69726;3704;3704;5238;5238;4625;4625;4571;4571;5000;5000
27.01.2022;1695972;69776;3704;3704;5238;5238;4625;4625;4571;4571;5000;5000
28.01.2022;1723682;69804;3704;3704;5238;5238;4625;4625;4571;4571;5000;5000
29.01.2022;1747887;69849;3704;3704;5238;5238;4625;4625;4571;4571;5000;5000
30.01.2022;1753395;69878;3704;3704;5238;5238;4625;4625;4571;4571;5000;5000
31.01.2022;1757151;69884;3704;3704;5238;5238;4625;4625;4571;4571;5000;5000
01.02.2022;1772794;69922;3704;3704;5238;5238;4625;4625;4571;4571;5000;5000
02.02.2022;1790994;69970;3704;3704;5238;5238;4625;4625;4571;4571;5000;5000
03.02.2022;1819607;70026;3704;3704;5238;5238;4625;4625;4571;4571;5000;5000
04.02.2022;1837001;70125;3704;3704;5238;5238;4625;4625;4571;4571;5000;5000
05.02.2022;1852994;70206;3704;3704;5238;5238;4625;4625;4571;4571;5000;5000
06.02.2022;1854963;70232;3704;3704;5238;5238;4625;4625;4571;4571;5000;5000
07.02.2022;1856969;70234;3704;3704;5238;5238;4417;4417;4333;4333;5000;5000
08.02.2022;1870522;70323;3704;3704;5238;5238;4417;4417;4333;4333;5000;5000
09.02.2022;1882077;70448;3704;3704;5238;5238;4417;4417;4333;4333;5000;5000
10.02.2022;1893620;70528;3704;3704;5238;5238;4417;4417;4333;4333;5000;5000
11.02.2022;1905090;70668;3704;3704;5238;5238;4417;4417;4333;4333;5000;5000
12.02.2022;1914945;70773;3704;3704;5238;5238;4417;4417;4333;4333;5000;5000
13.02.2022;1918651;70839;3704;3704;5238;5238;4417;4417;4333;4333;5000;5000
14.02.2022;1920434;70842;3704;3704;5238;5238;4417;4417;4333;4333;5000;5000
15.02.2022;1928598;70933;3704;3704;5238;5238;4208;4208;4095;4095;5000;5000
16.02.2022;1937810;70988;3704;3704;5238;5238;4208;4208;4095;4095;5000;5000
17.02.2022;1946016;71074;3704;3704;5238;5238;4208;4208;4095;4095;5000;5000
18.02.2022;1949779;71232;3704;3704;5238;5238;4208;4208;4095;4095;5000;5000
19.02.2022;1960037;71278;3704;3704;5238;5238;4208;4208;4095;4095;5000;5000
20.02.2022;1961856;71316;3704;3704;5238;5238;4208;4208;4095;4095;5000;5000
21.02.2022;1963043;71323;3704;3704;5238;5238;4208;4208;4095;4095;5000;5000
22.02.2022;1967184;71347;3704;3704;5238;5238;4208;4208;4095;4095;5000;5000
23.02.2022;1977628;71419;3704;3704;5238;5238;4208;4208;4095;4095;5000;5000
24.02.2022;1982921;71570;3704;3704;5238;5238;4208;4208;4095;4095;5000;5000
25.02.2022;1989021;71659;3704;3704;5238;5238;4208;4208;4095;4095;5000;5000
26.02.2022;1993810;71723;3704;3704;5238;5238;4208;4208;4095;4095;5000;5000
27.02.2022;1995136;71774;3704;3704;5238;5238;4208;4208;4095;4095;5000;5000
28.02.2022;1995678;71778;3704;3704;5238;5238;4208;4208;4095;4095;5000;5000
01.03.2022;1996760;71781;3704;3704;5238;5238;4208;4208;4095;4095;5000;5000
02.03.2022;1997617;71809;3704;3704;5238;5238;4208;4208;4095;4095;5000;5000
03.03.2022;2001312;71837;3704;3704;5238;5238;4208;4208;4095;4095;5000;5000
04.03.2022;2006761;71875;3704;3704;5238;5238;4208;4208;4095;4095;5000;5000
05.03.2022;2011215;71947;3704;3704;5238;5238;4208;4208;4095;4095;5000;5000
06.03.2022;2011573;71956;3704;3704;5238;5238;4208;4208;4095;4095;5000;5000
07.03.2022;2011870;71977;3519;3519;4881;4881;4104;4104;3976;3976;5000;5000
08.03.2022;2017580;72014;3519;3519;4881;4881;4104;4104;3976;3976;5000;5000
09.03.2022;2022417;72067;3519;3519;4881;4881;4104;4104;3976;3976;5000;5000
10.03.2022;2027636;72093;3519;3519;4881;4881;4104;4104;3976;3976;5000;5000
11.03.2022;2032079;72116;3519;3519;4881;4881;4104;4104;3976;3976;5000;5000
12.03.2022;2036283;72180;3148;3148;4167;4167;3896;3896;3738;3738;5000;5000
13.03.2022;2037051;72221;3148;3148;4167;4167;3896;3896;3738;3738;5000;5000
14.03.2022;2037418;72233;3148;3148;4167;4167;3896;3896;3738;3738;5000;5000
15.03.2022;2042494;72254;3148;3148;4167;4167;3896;3896;3738;3738;5000;5000
16.03.2022;2046184;72284;3148;3148;4167;4167;3896;3896;3738;3738;5000;5000
17.03.2022;2050452;72360;3148;3148;4167;4167;3896;3896;3738;3738;5000;5000
18.03.2022;2054897;72425;3148;3148;4167;4167;3896;3896;3738;3738;5000;5000
19.03.2022;2058571;72464;3148;3148;4167;4167;3896;3896;3738;3738;5000;5000
20.03.2022;2058978;72495;3148;3148;4167;4167;3896;3896;3738;3738;5000;5000
21.03.2022;2059810;72497;3148;3148;4167;4167;3896;3896;3738;3738;5000;5000
22.03.2022;2063668;72534;3148;3148;4167;4167;3896;3896;3738;3738;5000;5000
23.03.2022;2068356;72556;3148;3148;4167;4167;3896;3896;3738;3738;5000;5000
24.03.2022;2071914;72591;2963;2963;3810;3810;3792;3792;3619;3619;5000;5000
25.03.2022;2075187;72616;2963;2963;3810;3810;3792;3792;3619;3619;5000;5000
26.03.2022;2078648;72650;2963;2963;3810;3810;3792;3792;3619;3619;5000;5000
27.03.2022;2078817;72695;2963;2963;3810;3810;3792;3792;3619;3619;5000;5000
28.03.2022;;;2963;2963;3810;3810;3792;3792;3619;3619;5000;5000
29.03.2022;;;2963;2963;3810;3810;3792;3792;3619;3619;5000;5000
30.03.2022;;;2963;2963;3810;3810;3792;3792;3619;3619;5000;5000
31.03.2022;;;2963;2963;3810;3810;3792;3792;3619;3619;5000;5000
01.04.2022;;;2963;2963;3810;3810;3531;3531;3321;3321;5000;5000
02.04.2022;;;2963;2963;3810;3810;3531;3531;3321;3321;5000;5000
03.04.2022;;;2963;2963;3810;3810;3531;3531;3321;3321;5000;5000
04.04.2022;;;2963;2963;3810;3810;3531;3531;3321;3321;5000;5000
05.04.2022;;;2963;2963;3810;3810;3531;3531;3321;3321;5000;5000
06.04.2022;;;2963;2963;3810;3810;3531;3531;3321;3321;5000;5000
07.04.2022;;;2963;2963;3810;3810;3531;3531;3321;3321;5000;5000
08.04.2022;;;2963;2963;3810;3810;3531;3531;3321;3321;5000;5000
09.04.2022;;;2963;2963;3810;3810;3531;3531;3321;3321;5000;5000
10.04.2022;;;2963;2963;3810;3810;3531;3531;3321;3321;5000;5000
11.04.2022;;;2963;2963;3810;3810;3531;3531;3321;3321;5000;5000
12.04.2022;;;2963;2963;3810;3810;3531;3531;3321;3321;5000;5000
13.04.2022;;;2963;2963;3810;3810;3531;3531;3321;3321;5000;5000
14.04.2022;;;2963;2963;3810;3810;3531;3531;3321;3321;5000;5000
15.04.2022;;;2963;2963;3810;3810;3531;3531;3321;3321;5000;5000
16.04.2022;;;2963;2963;3810;3810;3531;3531;3321;3321;5000;5000
17.04.2022;;;2963;2963;3810;3810;3531;3531;3321;3321;5000;5000
18.04.2022;;;2963;2963;3810;3810;3531;3531;3321;3321;5000;5000
19.04.2022;;;2963;2963;3810;3810;3531;3531;3321;3321;5000;5000
20.04.2022;;;2963;2963;3810;3810;3531;3531;3321;3321;5000;5000
21.04.2022;;;2963;2963;3810;3810;3531;3531;3321;3321;5000;5000
22.04.2022;;;2963;2963;3810;3810;3531;3531;3321;3321;5000;5000
23.04.2022;;;2963;2963;3810;3810;3531;3531;3321;3321;5000;5000
24.04.2022;;;2963;2963;3810;3810;3531;3531;3321;3321;5000;5000
25.04.2022;;;2963;2963;3810;3810;3531;3531;3321;3321;5000;5000
26.04.2022;;;1944;1944;2500;2500;2958;2958;2667;2667;5000;5000
27.04.2022;;;1944;1944;2500;2500;2958;2958;2667;2667;5000;5000
28.04.2022;;;1944;1944;2500;2500;2958;2958;2667;2667;5000;5000
29.04.2022;;;1944;1944;2500;2500;2958;2958;2667;2667;5000;5000
30.04.2022;;;1944;1944;2500;2500;2958;2958;2667;2667;5000;5000
01.05.2022;;;1944;1944;2500;2500;2958;2958;2667;2667;5000;5000
02.05.2022;;;1944;1944;2500;2500;2958;2958;2667;2667;5000;5000
03.05.2022;;;1944;1944;2500;2500;2958;2958;2667;2667;5000;5000
04.05.2022;;;1944;1944;2500;2500;2958;2958;2667;2667;5000;5000
05.05.2022;;;1944;1944;2500;2500;2958;2958;2667;2667;5000;5000
06.05.2022;;;2315;2315;3214;3214;3167;3167;2905;2905;5000;5000
07.05.2022;;;2315;2315;3214;3214;3167;3167;2905;2905;5000;5000
08.05.2022;;;2315;2315;3214;3214;3167;3167;2905;2905;5000;5000
09.05.2022;;;2315;2315;3214;3214;3167;3167;2905;2905;5000;5000
10.05.2022;;;2315;2315;3214;3214;3167;3167;2905;2905;5000;5000
11.05.2022;;;2315;2315;3214;3214;3167;3167;2905;2905;5000;5000
12.05.2022;;;2315;2315;3214;3214;3167;3167;2905;2905;5000;5000
13.05.2022;;;2315;2315;3214;3214;3167;3167;2905;2905;5000;5000
14.05.2022;;;2315;2315;3214;3214;3167;3167;2905;2905;5000;5000
15.05.2022;;;2315;2315;3214;3214;3167;3167;2905;2905;5000;5000
16.05.2022;;;2315;2315;3214;3214;3167;3167;2905;2905;5000;5000
17.05.2022;;;2315;2315;3214;3214;3167;3167;2905;2905;5000;5000
18.05.2022;;;2315;2315;3214;3214;3167;3167;2905;2905;5000;5000
19.05.2022;;;2315;2315;3214;3214;3167;3167;2905;2905;5000;5000
20.05.2022;;;2315;2315;3214;3214;3167;3167;2905;2905;5000;5000
21.05.2022;;;2315;2315;3214;3214;3167;3167;2905;2905;5000;5000
22.05.2022;;;2315;2315;3214;3214;3167;3167;2905;2905;5000;5000
23.05.2022;;;2315;2315;3214;3214;3167;3167;2905;2905;5000;5000
24.05.2022;;;2315;2315;3214;3214;3167;3167;2905;2905;5000;5000
25.05.2022;;;2315;2315;3214;3214;3167;3167;2905;2905;5000;5000
26.05.2022;;;2315;2315;3214;3214;3167;3167;2905;2905;5000;5000
27.05.2022;;;2315;2315;3214;3214;3167;3167;2905;2905;5000;5000
28.05.2022;;;2315;2315;3214;3214;3167;3167;2905;2905;5000;5000
29.05.2022;;;2315;2315;3214;3214;3167;3167;2905;2905;5000;5000
30.05.2022;;;2315;2315;3214;3214;3167;3167;2905;2905;5000;5000
31.05.2022;;;2315;2315;3214;3214;3167;3167;2905;2905;5000;5000
01.06.2022;;;2315;2315;3214;3214;3167;3167;2905;2905;5000;5000
02.06.2022;;;2315;2315;3214;3214;3167;3167;2905;2905;5000;5000
03.06.2022;;;2315;2315;3214;3214;3167;3167;2905;2905;5000;5000
04.06.2022;;;2315;2315;3214;3214;3167;3167;2905;2905;5000;5000
05.06.2022;;;2315;2315;3214;3214;3167;3167;2905;2905;5000;5000
06.06.2022;;;2315;2315;3214;3214;3167;3167;2905;2905;5000;5000
07.06.2022;;;2315;2315;3214;3214;3167;3167;2905;2905;5000;5000
08.06.2022;;;2315;2315;3214;3214;3167;3167;2905;2905;5000;5000
09.06.2022;;;2315;2315;3214;3214;3167;3167;2905;2905;5000;5000
10.06.2022;;;2315;2315;3214;3214;3167;3167;2905;2905;5000;5000
11.06.2022;;;2315;2315;3214;3214;3167;3167;2905;2905;5000;5000
12.06.2022;;;2315;2315;3214;3214;3167;3167;2905;2905;5000;5000
13.06.2022;;;2315;2315;3214;3214;3167;3167;2905;2905;5000;5000
14.06.2022;;;2315;2315;3214;3214;3167;3167;2905;2905;5000;5000
15.06.2022;;;2315;2315;3214;3214;3167;3167;2905;2905;5000;5000
16.06.2022;;;2315;2315;3214;3214;3167;3167;2905;2905;5000;5000
17.06.2022;;;2315;2315;3214;3214;3167;3167;2905;2905;5000;5000
18.06.2022;;;2315;2315;3214;3214;3167;3167;2905;2905;5000;5000
19.06.2022;;;2315;2315;3214;3214;3167;3167;2905;2905;5000;5000
20.06.2022;;;2315;2315;3214;3214;3167;3167;2905;2905;5000;5000
21.06.2022;;;2315;2315;3214;3214;3167;3167;2905;2905;5000;5000
22.06.2022;;;2315;2315;3214;3214;3167;3167;2905;2905;5000;5000
23.06.2022;;;2315;2315;3214;3214;3167;3167;2905;2905;5000;5000
24.06.2022;;;2315;2315;3214;3214;3167;3167;2905;2905;5000;5000
25.06.2022;;;2315;2315;3214;3214;3167;3167;2905;2905;5000;5000
26.06.2022;;;2315;2315;3214;3214;3167;3167;2905;2905;5000;5000
27.06.2022;;;2315;2315;3214;3214;3167;3167;2905;2905;5000;5000
28.06.2022;;;2315;2315;3214;3214;3167;3167;2905;2905;5000;5000
29.06.2022;;;2315;2315;3214;3214;3167;3167;2905;2905;5000;5000
30.06.2022;;;2315;2315;3214;3214;3167;3167;2905;2905;5000;5000
01.07.2022;;;2315;2315;3214;3214;3167;3167;2905;2905;5000;5000
02.07.2022;;;2315;2315;3214;3214;3167;3167;2905;2905;5000;5000
03.07.2022;;;2315;2315;3214;3214;3167;3167;2905;2905;5000;5000
04.07.2022;;;2315;2315;3214;3214;3167;3167;2905;2905;5000;5000
05.07.2022;;;2315;2315;3214;3214;3167;3167;2905;2905;5000;5000
06.07.2022;;;2315;2315;3214;3214;3167;3167;2905;2905;5000;5000
07.07.2022;;;2315;2315;3214;3214;3167;3167;2905;2905;5000;5000
08.07.2022;;;2315;2315;3214;3214;3167;3167;2905;2905;5000;5000
09.07.2022;;;2315;2315;3214;3214;3167;3167;2905;2905;5000;5000
10.07.2022;;;2315;2315;3214;3214;3167;3167;2905;2905;5000;5000
11.07.2022;;;2315;2315;3214;3214;3167;3167;2905;2905;5000;5000
12.07.2022;;;2315;2315;3214;3214;3167;3167;2905;2905;5000;5000
13.07.2022;;;2315;2315;3214;3214;3167;3167;2905;2905;5000;5000
14.07.2022;;;2315;2315;3214;3214;3167;3167;2905;2905;5000;5000
15.07.2022;;;2315;2315;3214;3214;3167;3167;2905;2905;5000;5000
16.07.2022;;;2315;2315;3214;3214;3167;3167;2905;2905;5000;5000
17.07.2022;;;2315;2315;3214;3214;3167;3167;2905;2905;5000;5000
18.07.2022;;;2315;2315;3214;3214;3167;3167;2905;2905;5000;5000
19.07.2022;;;2315;2315;3214;3214;3167;3167;2905;2905;5000;5000
20.07.2022;;;2315;2315;3214;3214;3167;3167;2905;2905;5000;5000
21.07.2022;;;2315;2315;3214;3214;3167;3167;2905;2905;5000;5000
22.07.2022;;;2315;2315;3214;3214;3167;3167;2905;2905;5000;5000
23.07.2022;;;2315;2315;3214;3214;3167;3167;2905;2905;5000;5000
24.07.2022;;;2315;2315;3214;3214;3167;3167;2905;2905;5000;5000
25.07.2022;;;2315;2315;3214;3214;3167;3167;2905;2905;5000;5000
26.07.2022;;;2315;2315;3214;3214;2854;2854;2548;2548;5000;5000
27.07.2022;;;2315;2315;3214;3214;2854;2854;2548;2548;5000;5000
28.07.2022;;;2315;2315;3214;3214;2854;2854;2548;2548;5000;5000
29.07.2022;;;2315;2315;3214;3214;2854;2854;2548;2548;5000;5000
30.07.2022;;;2315;2315;3214;3214;2854;2854;2548;2548;5000;5000
31.07.2022;;;2315;2315;3214;3214;2854;2854;2548;2548;5000;5000
01.08.2022;;;1759;1759;2500;2500;2542;2542;2190;2190;5000;5000
02.08.2022;;;1759;1759;2500;2500;2542;2542;2190;2190;5000;5000
03.08.2022;;;1759;1759;2500;2500;2542;2542;2190;2190;5000;5000
04.08.2022;;;1759;1759;2500;2500;2542;2542;2190;2190;5000;5000
05.08.2022;;;1759;1759;2500;2500;2542;2542;2190;2190;5000;5000
06.08.2022;;;1759;1759;2500;2500;2542;2542;2190;2190;5000;5000
07.08.2022;;;1759;1759;2500;2500;2542;2542;2190;2190;5000;5000
08.08.2022;;;1759;1759;2500;2500;2542;2542;2190;2190;5000;5000
09.08.2022;;;1759;1759;2500;2500;2542;2542;2190;2190;5000;5000
10.08.2022;;;1759;1759;2500;2500;2542;2542;2190;2190;5000;5000
11.08.2022;;;1759;1759;2500;2500;2542;2542;2190;2190;5000;5000
12.08.2022;;;1759;1759;2500;2500;2542;2542;2190;2190;5000;5000
13.08.2022;;;1759;1759;2500;2500;2542;2542;2190;2190;5000;5000
14.08.2022;;;1759;1759;2500;2500;2542;2542;2190;2190;5000;5000
15.08.2022;;;1759;1759;2500;2500;2542;2542;2190;2190;5000;5000
16.08.2022;;;1759;1759;2500;2500;2542;2542;2190;2190;5000;5000
17.08.2022;;;1759;1759;2500;2500;2542;2542;2190;2190;5000;5000
18.08.2022;;;1759;1759;2500;2500;2542;2542;2190;2190;5000;5000
19.08.2022;;;1759;1759;2500;2500;2542;2542;2190;2190;5000;5000
20.08.2022;;;1759;1759;2500;2500;2542;2542;2190;2190;5000;5000
21.08.2022;;;1759;1759;2500;2500;2542;2542;2190;2190;5000;5000
22.08.2022;;;1759;1759;2500;2500;2542;2542;2190;2190;5000;5000
23.08.2022;;;1759;1759;2500;2500;2542;2542;2190;2190;5000;5000
24.08.2022;;;1759;1759;2500;2500;2542;2542;2190;2190;5000;5000
25.08.2022;;;1759;1759;2500;2500;2542;2542;2190;2190;5000;5000
26.08.2022;;;1759;1759;2500;2500;2542;2542;2190;2190;5000;5000
27.08.2022;;;1389;1389;1786;1786;2333;2333;1952;1952;5000;5000
28.08.2022;;;1389;1389;1786;1786;2333;2333;1952;1952;5000;5000
29.08.2022;;;1389;1389;1786;1786;2333;2333;1952;1952;5000;5000
30.08.2022;;;1389;1389;1786;1786;2333;2333;1952;1952;5000;5000
31.08.2022;;;1389;1389;1786;1786;2333;2333;1952;1952;5000;5000
01.09.2022;;;1389;1389;1786;1786;2333;2333;1952;1952;5000;5000
02.09.2022;;;1389;1389;1786;1786;2333;2333;1952;1952;5000;5000
03.09.2022;;;1389;1389;1786;1786;2333;2333;1952;1952;5000;5000
04.09.2022;;;1389;1389;1786;1786;2333;2333;1952;1952;5000;5000
05.09.2022;;;1389;1389;1786;1786;2333;2333;1952;1952;5000;5000
06.09.2022;;;1389;1389;1786;1786;2333;2333;1952;1952;5000;5000
07.09.2022;;;1389;1389;1786;1786;2333;2333;1952;1952;5000;5000
08.09.2022;;;1389;1389;1786;1786;2333;2333;1952;1952;5000;5000
09.09.2022;;;1389;1389;1786;1786;2333;2333;1952;1952;5000;5000
10.09.2022;;;1389;1389;1786;1786;2333;2333;1952;1952;5000;5000
11.09.2022;;;1389;1389;1786;1786;2333;2333;1952;1952;5000;5000
12.09.2022;;;1389;1389;1786;1786;2333;2333;1952;1952;5000;5000
13.09.2022;;;1389;1389;1786;1786;2333;2333;1952;1952;5000;5000
14.09.2022;;;1389;1389;1786;1786;2333;2333;1952;1952;5000;5000
15.09.2022;;;1389;1389;1786;1786;2333;2333;1952;1952;5000;5000
16.09.2022;;;1389;1389;1786;1786;2333;2333;1952;1952;5000;5000
17.09.2022;;;1389;1389;1786;1786;2333;2333;1952;1952;5000;5000
18.09.2022;;;1389;1389;1786;1786;2333;2333;1952;1952;5000;5000
19.09.2022;;;1389;1389;1786;1786;2333;2333;1952;1952;5000;5000
20.09.2022;;;1389;1389;1786;1786;2333;2333;1952;1952;5000;5000
21.09.2022;;;1389;1389;1786;1786;2333;2333;1952;1952;5000;5000
22.09.2022;;;1389;1389;1786;1786;2333;2333;1952;1952;5000;5000
23.09.2022;;;1389;1389;1786;1786;2333;2333;1952;1952;5000;5000
24.09.2022;;;1389;1389;1786;1786;2333;2333;1952;1952;5000;5000
25.09.2022;;;1389;1389;1786;1786;2333;2333;1952;1952;5000;5000
26.09.2022;;;1389;1389;1786;1786;2333;2333;1952;1952;5000;5000
27.09.2022;;;1389;1389;1786;1786;2333;2333;1952;1952;5000;5000
28.09.2022;;;1389;1389;1786;1786;2333;2333;1952;1952;5000;5000
29.09.2022;;;1389;1389;1786;1786;2333;2333;1952;1952;5000;5000
30.09.2022;;;1389;1389;1786;1786;2333;2333;1952;1952;5000;5000
01.10.2022;;;1389;1389;1786;1786;2333;2333;1952;1952;5000;5000
02.10.2022;;;1389;1389;1786;1786;2333;2333;1952;1952;5000;5000
03.10.2022;;;1389;1389;1786;1786;2333;2333;1952;1952;5000;5000
04.10.2022;;;1389;1389;1786;1786;2333;2333;1952;1952;5000;5000
05.10.2022;;;1389;1389;1786;1786;2333;2333;1952;1952;5000;5000
06.10.2022;;;1389;1389;1786;1786;2333;2333;1952;1952;5000;5000
07.10.2022;;;1389;1389;1786;1786;2333;2333;1952;1952;5000;5000
08.10.2022;;;1389;1389;1786;1786;2333;2333;1952;1952;5000;5000
09.10.2022;;;1389;1389;1786;1786;2333;2333;1952;1952;5000;5000
10.10.2022;;;1389;1389;1786;1786;2333;2333;1952;1952;5000;5000
11.10.2022;;;1389;1389;1786;1786;2333;2333;1952;1952;5000;5000
12.10.2022;;;1389;1389;1786;1786;2333;2333;1952;1952;5000;5000
13.10.2022;;;1389;1389;1786;1786;2333;2333;1952;1952;5000;5000
14.10.2022;;;1389;1389;1786;1786;2333;2333;1952;1952;5000;5000
15.10.2022;;;1389;1389;1786;1786;2333;2333;1952;1952;5000;5000
16.10.2022;;;1389;1389;1786;1786;2333;2333;1952;1952;5000;5000
17.10.2022;;;1389;1389;1786;1786;2333;2333;1952;1952;5000;5000
18.10.2022;;;1389;1389;1786;1786;2333;2333;1952;1952;5000;5000
19.10.2022;;;1389;1389;1786;1786;2333;2333;1952;1952;5000;5000
20.10.2022;;;1389;1389;1786;1786;2333;2333;1952;1952;5000;5000
21.10.2022;;;1389;1389;1786;1786;2333;2333;1952;1952;5000;5000
22.10.2022;;;1389;1389;1786;1786;2333;2333;1952;1952;5000;5000
23.10.2022;;;1389;1389;1786;1786;2333;2333;1952;1952;5000;5000
24.10.2022;;;1389;1389;1786;1786;2333;2333;1952;1952;5000;5000
25.10.2022;;;1389;1389;1786;1786;2333;2333;1952;1952;5000;5000
26.10.2022;;;1389;1389;1786;1786;2333;2333;1952;1952;5000;5000
27.10.2022;;;1389;1389;1786;1786;2333;2333;1952;1952;5000;5000
28.10.2022;;;1389;1389;1786;1786;2333;2333;1952;1952;5000;5000
29.10.2022;;;1389;1389;1786;1786;2333;2333;1952;1952;5000;5000
30.10.2022;;;1389;1389;1786;1786;2333;2333;1952;1952;5000;5000
31.10.2022;;;1389;1389;1786;1786;2333;2333;1952;1952;5000;5000
01.11.2022;;;1389;1389;1786;1786;2333;2333;1952;1952;5000;5000
02.11.2022;;;1389;1389;1786;1786;2333;2333;1952;1952;5000;5000
03.11.2022;;;1389;1389;1786;1786;2333;2333;1952;1952;5000;5000
04.11.2022;;;1389;1389;1786;1786;2333;2333;1952;1952;5000;5000
05.11.2022;;;1389;1389;1786;1786;2333;2333;1952;1952;5000;5000
06.11.2022;;;1389;1389;1786;1786;2333;2333;1952;1952;5000;5000
07.11.2022;;;1389;1389;1786;1786;2333;2333;1952;1952;5000;5000
08.11.2022;;;1389;1389;1786;1786;2333;2333;1952;1952;5000;5000
09.11.2022;;;1389;1389;1786;1786;2333;2333;1952;1952;5000;5000
10.11.2022;;;1389;1389;1786;1786;2333;2333;1952;1952;5000;5000
11.11.2022;;;1389;1389;1786;1786;2333;2333;1952;1952;5000;5000
12.11.2022;;;1389;1389;1786;1786;2333;2333;1952;1952;5000;5000
13.11.2022;;;1389;1389;1786;1786;2333;2333;1952;1952;5000;5000
14.11.2022;;;1389;1389;1786;1786;2333;2333;1952;1952;5000;5000
15.11.2022;;;1389;1389;1786;1786;2333;2333;1952;1952;5000;5000
16.11.2022;;;1389;1389;1786;1786;2333;2333;1952;1952;5000;5000
17.11.2022;;;1389;1389;1786;1786;2333;2333;1952;1952;5000;5000
18.11.2022;;;1389;1389;1786;1786;2333;2333;1952;1952;5000;5000
19.11.2022;;;1389;1389;1786;1786;2333;2333;1952;1952;5000;5000
20.11.2022;;;1389;1389;1786;1786;2333;2333;1952;1952;5000;5000
21.11.2022;;;1389;1389;1786;1786;2333;2333;1952;1952;5000;5000
22.11.2022;;;1389;1389;1786;1786;2333;2333;1952;1952;5000;5000
23.11.2022;;;1389;1389;1786;1786;2333;2333;1952;1952;5000;5000
24.11.2022;;;1389;1389;1786;1786;2333;2333;1952;1952;5000;5000
25.11.2022;;;1389;1389;1786;1786;2490;2490;2131;2131;5000;5000
26.11.2022;;;1389;1389;1786;1786;2490;2490;2131;2131;5000;5000
27.11.2022;;;1389;1389;1786;1786;2490;2490;2131;2131;5000;5000
28.11.2022;;;1389;1389;1786;1786;2490;2490;2131;2131;5000;5000
29.11.2022;;;1389;1389;1786;1786;2490;2490;2131;2131;5000;5000
30.11.2022;;;1389;1389;1786;1786;2490;2490;2131;2131;5000;5000
01.12.2022;;;1389;1389;1786;1786;2490;2490;2131;2131;5000;5000
02.12.2022;;;1389;1389;1786;1786;2490;2490;2131;2131;5000;5000
03.12.2022;;;1389;1389;1786;1786;2490;2490;2131;2131;5000;5000
04.12.2022;;;1389;1389;1786;1786;2490;2490;2131;2131;5000;5000
05.12.2022;;;1389;1389;1786;1786;2490;2490;2131;2131;5000;5000
06.12.2022;;;1389;1389;1786;1786;2490;2490;2131;2131;5000;5000
07.12.2022;;;1389;1389;1786;1786;2490;2490;2131;2131;5000;5000
08.12.2022;;;1389;1389;1786;1786;2490;2490;2131;2131;5000;5000
09.12.2022;;;1389;1389;1786;1786;2490;2490;2131;2131;5000;5000
10.12.2022;;;1389;1389;1786;1786;2490;2490;2131;2131;5000;5000
11.12.2022;;;1389;1389;1786;1786;2490;2490;2131;2131;5000;5000
12.12.2022;;;1389;1389;1786;1786;2490;2490;2131;2131;5000;5000
13.12.2022;;;1389;1389;1786;1786;2490;2490;2131;2131;5000;5000
14.12.2022;;;1389;1389;1786;1786;2490;2490;2131;2131;5000;5000
15.12.2022;;;1389;1389;1786;1786;2490;2490;2131;2131;5000;5000
16.12.2022;;;1389;1389;1786;1786;2490;2490;2131;2131;5000;5000
17.12.2022;;;1389;1389;1786;1786;2490;2490;2131;2131;5000;5000
18.12.2022;;;1389;1389;1786;1786;2490;2490;2131;2131;5000;5000
19.12.2022;;;1389;1389;1786;1786;2490;2490;2131;2131;5000;5000
20.12.2022;;;1389;1389;1786;1786;2490;2490;2131;2131;5000;5000
21.12.2022;;;1389;1389;1786;1786;2490;2490;2131;2131;5000;5000
22.12.2022;;;1389;1389;1786;1786;2490;2490;2131;2131;5000;5000
23.12.2022;;;1389;1389;1786;1786;2490;2490;2131;2131;5000;5000
24.12.2022;;;1389;1389;1786;1786;2490;2490;2131;2131;5000;5000
25.12.2022;;;1389;1389;1786;1786;2490;2490;2131;2131;5000;5000
26.12.2022;;;1389;1389;1786;1786;2490;2490;2131;2131;5000;5000
27.12.2022;;;1389;1389;1786;1786;2490;2490;2131;2131;5000;5000
28.12.2022;;;1389;1389;1786;1786;2490;2490;2131;2131;5000;5000
29.12.2022;;;1389;1389;1786;1786;2490;2490;2131;2131;5000;5000
30.12.2022;;;1389;1389;1786;1786;2490;2490;2131;2131;5000;5000
31.12.2022;;;1389;1389;1786;1786;2490;2490;2131;2131;5000;5000
